Year: 2015,Month: 5,Day: 7
,EB,NB,SB,WB
0,50,262,168,69
1,102,391,291,85
2,97,415,353,102
3,134,402,428,128
4,128,412,431,110
5,189,467,574,158
6,186,517,619,198
7,237,469,690,188
8,248,469,726,197
9,197,367,560,170
10,123,241,485,164
11,112,195,447,103
12,70,114,253,71
13,40,61,144,45
14,28,36,75,27
15,16,21,37,12
16,10,8,19,6
17,6,25,18,8
18,9,44,9,6
19,15,183,19,8
20,25,275,64,25
21,40,601,190,69
22,110,724,321,176
23,130,545,265,132

Year: 2015,Month: 5,Day: 8
,EB,NB,SB,WB
0,100,452,259,100
1,109,425,339,104
2,140,490,434,104
3,98,273,285,86

Year: 2015,Month: 6,Day: 2
,EB,NB,SB,WB
9,21,77,50,22
10,94,427,302,74
11,110,431,404,96
12,113,422,435,101
13,112,465,444,96
14,152,474,539,156
15,217,490,608,171
16,200,470,646,169
17,219,422,794,193
18,186,387,659,155
19,122,248,492,131
20,127,191,413,118
21,102,148,240,84
22,36,94,165,50
23,31,42,84,30

Year: 2015,Month: 6,Day: 3
,EB,NB,SB,WB
0,13,22,73,16
1,10,12,29,6
2,5,23,16,8
3,4,43,6,5
4,18,168,13,5
5,29,304,44,21
6,29,527,151,45
7,86,605,224,81
8,82,476,216,85
9,104,443,286,69
10,84,403,273,89
11,113,406,366,96
12,129,465,419,109
13,124,441,461,137
14,163,416,592,147
15,187,456,606,162
16,210,448,696,150
17,213,491,722,190
18,197,356,631,186
19,132,252,481,151
20,122,217,430,118
21,87,126,278,93
22,48,75,145,38
23,24,32,82,21

Year: 2015,Month: 6,Day: 4
,EB,NB,SB,WB
0,17,18,38,16
1,13,22,29,9
2,3,12,18,9
3,5,36,19,1
4,10,176,18,8
5,24,306,58,23
6,49,607,169,69
7,114,682,298,168
8,144,578,308,136
9,110,467,282,107
10,123,454,352,95
11,121,455,405,117
12,118,413,438,116
13,126,442,483,143
14,165,488,565,160
15,191,547,661,193
16,190,491,686,238
17,232,525,736,161
18,170,437,640,161
19,115,284,482,121
20,135,198,438,163
21,91,180,351,103
22,57,89,199,46
23,27,46,89,32

Year: 2015,Month: 6,Day: 5
,EB,NB,SB,WB
0,13,16,49,14
1,10,20,30,8
2,4,26,18,10
3,11,41,20,11
4,9,174,16,11
5,34,272,76,25
6,45,609,218,62
7,107,724,321,161
8,123,541,287,134
9,98,435,277,105
10,121,441,347,113
11,165,449,480,141
12,162,480,466,151
13,136,448,551,138
14,193,499,646,187
15,227,569,709,215
16,212,507,674,168
17,226,562,696,190
18,162,472,611,172
19,149,306,544,167
20,109,252,438,147
21,104,213,349,104
22,75,132,267,72
23,58,62,154,54

Year: 2015,Month: 6,Day: 6
,EB,NB,SB,WB
0,19,43,80,25
1,12,15,63,7
2,6,24,37,3
3,3,22,25,3
4,15,33,20,6
5,25,86,32,15
6,27,157,85,28
7,67,251,138,39
8,93,357,227,60
9,117,588,304,116
10,171,574,408,147
11,165,579,502,165
12,184,620,524,138
13,171,534,572,176
14,163,472,592,162
15,148,442,624,120
16,139,453,549,168
17,155,464,477,135
18,201,466,319,205
19,118,306,385,147
20,119,249,401,104
21,82,196,328,115
22,83,146,207,63
23,48,90,183,58

Year: 2015,Month: 6,Day: 7
,EB,NB,SB,WB
0,32,39,97,28
1,19,33,46,10
2,13,20,29,8
3,10,18,17,12
4,10,32,15,9
5,4,49,25,9
6,20,95,36,14
7,34,192,78,24
8,72,257,129,45
9,80,561,220,86
10,153,542,334,116
11,152,514,435,114
12,164,500,619,199
13,185,459,503,146
14,133,415,506,128
15,137,424,458,129
16,145,341,477,126
17,149,419,433,129
18,115,313,392,109
19,99,236,315,118
20,115,229,340,114
21,64,141,157,85
22,38,69,127,47
23,26,36,77,32

Year: 2015,Month: 6,Day: 8
,EB,NB,SB,WB
0,16,17,38,5
1,7,10,23,6
2,4,18,17,4
3,2,37,4,0
4,10,178,25,5
5,29,314,61,23
6,44,537,158,54
7,89,608,249,84
8,116,635,277,167
9,133,593,325,164
10,118,453,364,101
11,114,417,401,115
12,136,424,432,102
13,139,448,474,116
14,181,509,614,174
15,200,559,621,200
16,188,489,730,185
17,235,474,694,165
18,175,420,576,151
19,128,261,449,187
20,128,210,426,141
21,70,165,275,99
22,46,76,155,66
23,27,44,76,23

Year: 2015,Month: 6,Day: 9
,EB,NB,SB,WB
0,8,23,35,15
1,1,16,33,6
2,4,22,18,8
3,7,42,17,6
4,15,208,24,5
5,20,290,58,27
6,41,593,185,68
7,103,828,306,168
8,134,576,278,145
9,94,484,246,96
10,95,401,307,101
11,121,449,404,103
12,134,390,435,141
13,138,437,441,121
14,171,470,632,175
15,195,483,677,201
16,235,435,710,175
17,243,463,698,158
18,188,369,670,162
19,128,278,499,146
20,125,219,386,125
21,72,168,292,93
22,59,71,128,46
23,21,43,98,31

Year: 2015,Month: 6,Day: 10
,EB,NB,SB,WB
0,17,16,39,12
1,5,19,27,2
2,7,15,16,6
3,0,38,16,1
4,6,191,29,10
5,22,279,53,20
6,39,576,195,65
7,129,767,280,178
8,123,574,292,120
9,112,491,258,89
10,103,447,340,95
11,122,416,377,131
12,139,442,432,128
13,139,443,497,120
14,178,454,581,146
15,185,516,699,203
16,237,461,640,168
17,235,494,711,206
18,199,415,583,167
19,137,301,498,156
20,109,219,478,115
21,85,185,347,100
22,51,84,159,41
23,19,31,95,18

Year: 2015,Month: 6,Day: 11
,EB,NB,SB,WB
0,18,23,57,17
1,10,16,34,8
2,10,17,25,10
3,6,51,16,2
4,15,215,25,13
5,21,278,55,24
6,47,583,195,65
7,104,787,282,195
8,129,584,314,142
9,109,452,287,76
10,110,419,312,86
11,117,439,449,112
12,125,463,493,121
13,146,457,446,116
14,185,524,592,147
15,224,525,700,199
16,219,515,685,174
17,262,502,678,191
18,189,394,664,143
19,125,260,554,140
20,148,236,493,141
21,92,201,335,104
22,40,87,208,43
23,29,51,122,42

Year: 2015,Month: 6,Day: 12
,EB,NB,SB,WB
0,20,17,65,27
1,4,17,44,14
2,7,20,26,11
3,15,37,16,6
4,10,181,21,16
5,21,249,54,23
6,47,525,195,55
7,91,743,292,160

Year: 2015,Month: 7,Day: 21
,EB,NB,SB,WB
12,30,86,123,30
13,103,406,461,86
14,127,408,418,94
15,119,369,546,135
16,201,403,652,137
17,191,423,673,149
18,176,335,664,143
19,106,255,506,136
20,112,178,377,129
21,76,150,295,79
22,56,110,190,56
23,38,48,83,33

Year: 2015,Month: 7,Day: 22
,EB,NB,SB,WB
0,6,18,35,13
1,11,8,37,12
2,6,18,24,4
3,4,38,15,2
4,10,139,18,9
5,16,252,52,20
6,27,451,98,31
7,61,534,194,71
8,83,444,242,56
9,90,372,237,60
10,74,386,273,96
11,107,396,377,93
12,111,409,427,99
13,113,468,415,102
14,126,362,486,110
15,133,305,442,101
16,168,394,665,117
17,190,437,649,171
18,178,384,612,165
19,127,275,507,129
20,129,188,393,103
21,84,160,300,91
22,51,90,210,53
23,36,43,90,36

Year: 2015,Month: 7,Day: 23
,EB,NB,SB,WB
0,11,14,34,8
1,11,14,34,10
2,4,15,24,4
3,7,31,18,3
4,11,157,22,8
5,12,238,46,18
6,31,442,105,36
7,55,496,191,62
8,80,419,239,60
9,89,422,237,77
10,91,435,270,88
11,104,387,376,86
12,123,430,378,106
13,122,428,462,110
14,120,359,461,96
15,165,401,510,126
16,182,402,623,130
17,187,443,653,171
18,191,419,594,145
19,132,275,548,128
20,134,201,459,125
21,94,163,320,87
22,54,117,196,53
23,34,47,114,35

Year: 2015,Month: 7,Day: 24
,EB,NB,SB,WB
0,11,15,51,9
1,6,14,36,9
2,6,10,24,7
3,6,41,18,5
4,8,128,24,4
5,16,211,41,12
6,28,393,101,25
7,54,492,174,49
8,82,420,212,65
9,71,400,236,68
10,90,436,290,80
11,119,429,353,91
12,139,452,446,95
13,143,435,501,132
14,154,389,506,112
15,157,403,538,133
16,170,424,606,126
17,188,398,660,176
18,142,409,553,159
19,153,289,454,126
20,126,243,407,130
21,87,186,326,103
22,65,124,216,76
23,50,74,169,43

Year: 2015,Month: 7,Day: 25
,EB,NB,SB,WB
0,27,26,65,17
1,13,26,60,19
2,11,14,43,12
3,9,21,23,6
4,8,36,18,3
5,11,53,29,7
6,15,112,59,14
7,32,183,94,37
8,65,292,157,44
9,68,402,218,69
10,105,505,295,90
11,111,521,374,121
12,136,536,465,117
13,142,468,496,145
14,155,431,536,122
15,153,417,556,122
16,172,413,490,128
17,151,393,479,123
18,118,339,451,115
19,108,264,385,107
20,96,215,339,98
21,75,170,281,94
22,64,118,220,63
23,57,70,159,41

Year: 2015,Month: 7,Day: 26
,EB,NB,SB,WB
0,14,28,56,25
1,20,33,63,10
2,20,22,57,13
3,11,11,21,3
4,3,27,19,3
5,6,35,15,6
6,13,72,40,12
7,23,125,50,14
8,45,190,105,30
9,60,313,134,55
10,96,454,218,89
11,111,427,328,97
12,153,445,391,135
13,133,416,459,111
14,127,393,463,110
15,147,373,461,116
16,123,379,416,107
17,113,354,428,113
18,90,255,400,115
19,94,182,306,97
20,78,143,240,82
21,54,103,182,61
22,39,79,107,32
23,24,41,73,23

Year: 2015,Month: 7,Day: 27
,EB,NB,SB,WB
0,12,14,20,9
1,9,16,26,6
2,5,19,20,2
3,3,36,6,6
4,4,125,13,4
5,12,269,53,17
6,26,418,97,40
7,60,511,168,79
8,72,414,249,60
9,81,377,232,78
10,101,358,274,68
11,93,398,335,89
12,137,396,417,103
13,111,437,444,124
14,132,363,494,110
15,168,394,553,116
16,184,417,638,143
17,230,422,705,165
18,170,375,634,168
19,127,253,482,121
20,99,177,378,107
21,76,146,259,86
22,41,97,134,50
23,30,55,103,25

Year: 2015,Month: 7,Day: 28
,EB,NB,SB,WB
0,7,15,38,12
1,11,17,32,6
2,4,18,20,8
3,6,35,18,1
4,7,143,15,8
5,15,269,43,22
6,29,441,107,41
7,57,548,183,74
8,88,438,217,46
9,103,399,231,81
10,97,402,312,89
11,97,386,322,107
12,115,436,392,102
13,123,453,442,117
14,120,378,518,99
15,177,356,565,121
16,182,391,635,136
17,186,429,667,152
18,180,379,592,150
19,127,276,512,151
20,107,199,362,124
21,85,161,276,82
22,45,85,181,51
23,25,49,119,33

Year: 2015,Month: 7,Day: 29
,EB,NB,SB,WB
0,10,15,38,9
1,10,16,36,8
2,8,17,19,9
3,4,38,18,3
4,8,132,15,4
5,10,269,48,19
6,34,438,113,43
7,53,540,182,73
8,87,433,225,71
9,100,404,232,69
10,104,397,328,74
11,124,409,352,94
12,120,399,377,107
13,107,426,442,102
14,133,390,481,98
15,158,398,558,131
16,188,393,609,128
17,197,425,656,153
18,169,373,622,148
19,142,297,527,127
20,89,171,360,117
21,98,141,271,101
22,50,84,179,54
23,28,37,101,35

Year: 2015,Month: 7,Day: 30
,EB,NB,SB,WB
0,13,13,36,10
1,12,15,38,10
2,9,20,29,6
3,7,33,19,5
4,9,166,22,7
5,7,235,43,20
6,30,421,115,41
7,66,536,185,64
8,74,404,232,66
9,105,405,237,84
10,91,427,291,87
11,123,406,378,90
12,137,420,386,95
13,114,439,459,102
14,147,380,520,97
15,150,386,559,117
16,174,395,593,124
17,187,465,648,142
18,175,382,539,137
19,138,306,543,141
20,96,214,436,120
21,77,167,326,91
22,46,87,179,59
23,45,52,107,32

Year: 2015,Month: 7,Day: 31
,EB,NB,SB,WB
0,11,19,31,12
1,16,20,41,14
2,12,15,25,7
3,5,36,27,3
4,5,119,13,2
5,15,221,53,13
6,28,385,115,35
7,68,471,163,63
8,74,435,238,52
9,101,400,238,68
10,114,448,296,81
11,121,451,427,101
12,156,523,406,105
13,137,432,523,125
14,140,435,536,104
15,163,366,616,148
16,194,431,654,158
17,179,450,613,154
18,134,376,551,118
19,132,310,510,133
20,121,241,388,105
21,93,203,352,89
22,69,141,216,71
23,48,95,195,45

Year: 2015,Month: 8,Day: 1
,EB,NB,SB,WB
0,23,38,74,17
1,19,26,58,11
2,12,13,42,9
3,10,19,34,3
4,4,44,17,5
5,8,63,27,11
6,20,133,43,24
7,40,182,127,26
8,73,297,183,32
9,88,440,240,75
10,111,577,351,93
11,132,521,449,109
12,160,576,471,129
13,149,444,521,151
14,132,401,535,109
15,161,424,512,126
16,148,467,529,125
17,150,403,450,138
18,138,370,460,127
19,130,290,359,109
20,106,215,343,104
21,94,166,284,99
22,52,130,226,70
23,49,71,152,41

Year: 2015,Month: 8,Day: 2
,EB,NB,SB,WB
0,16,17,44,19
1,13,23,74,20
2,15,17,43,9
3,9,19,28,5
4,2,29,26,6
5,3,51,20,1
6,9,72,43,20
7,26,119,64,13
8,51,202,112,39
9,64,346,147,46
10,103,409,266,85
11,107,430,324,93
12,121,435,443,126
13,130,447,445,121
14,122,391,462,109
15,137,352,449,113
16,119,377,435,113
17,144,327,438,119
18,122,292,377,124
19,86,248,324,119
20,88,193,293,81
21,64,145,206,64
22,38,81,140,41
23,32,44,107,25

Year: 2015,Month: 8,Day: 3
,EB,NB,SB,WB
0,5,4,35,9
1,9,22,38,8
2,4,24,28,5
3,7,38,18,2
4,5,138,18,4
5,15,252,40,14
6,28,421,99,38
7,72,521,178,71
8,83,428,242,70
9,96,380,235,76
10,94,391,274,77
11,112,404,331,86
12,110,440,416,86
13,133,425,414,95
14,137,410,509,119
15,156,416,544,129
16,191,374,722,162
17,217,436,707,181
18,168,347,631,173
19,134,282,474,118
20,86,209,357,122
21,95,163,246,82
22,41,102,177,54
23,14,49,110,25

Year: 2015,Month: 8,Day: 4
,EB,NB,SB,WB
0,8,17,34,8
1,8,13,31,6
2,4,25,19,5
3,3,33,16,6
4,6,130,13,5
5,10,266,46,15
6,28,463,118,41
7,60,564,175,71
8,88,444,239,79
9,89,423,235,75
10,88,416,304,78
11,112,365,350,100
12,114,436,442,92
13,122,420,450,94
14,137,380,519,124
15,133,415,539,148
16,207,361,678,161
17,213,403,715,187
18,203,364,695,153
19,152,290,500,137
20,135,230,373,132
21,73,145,286,86
22,41,94,175,57
23,25,40,88,29

Year: 2015,Month: 8,Day: 5
,EB,NB,SB,WB
0,6,14,43,7
1,16,11,23,9
2,7,14,22,6
3,4,37,22,3
4,6,139,17,8
5,11,258,49,13
6,25,459,114,29
7,62,532,176,58
8,74,458,252,65
9,114,386,220,71
10,88,422,300,89
11,104,393,373,104
12,122,419,416,102
13,110,465,439,107
14,132,413,512,122
15,139,403,562,105
16,172,373,604,122
17,207,436,700,167
18,181,395,621,176
19,147,279,509,127
20,114,200,386,126
21,87,142,283,91
22,61,111,188,39
23,26,41,104,28

Year: 2015,Month: 8,Day: 6
,EB,NB,SB,WB
0,13,22,41,3
1,15,16,31,14
2,11,16,19,9
3,3,36,12,8
4,7,133,18,4
5,14,249,38,9
6,32,404,110,25
7,52,579,215,64
8,85,401,236,67
9,85,383,251,85
10,82,414,297,102
11,105,404,382,97
12,121,424,428,73
13,142,474,456,103
14,159,400,520,128
15,148,365,551,119
16,212,434,606,143
17,224,454,685,158
18,186,395,654,157
19,137,315,479,124
20,129,208,478,137
21,101,156,320,101
22,54,102,205,61
23,40,44,101,39

Year: 2015,Month: 8,Day: 7
,EB,NB,SB,WB
0,11,27,47,12
1,17,12,45,10
2,5,14,32,12
3,10,35,22,5
4,10,114,23,5
5,19,238,37,13
6,30,368,94,32
7,52,514,192,63
8,87,391,216,72
9,87,399,245,61
10,100,471,329,88
11,101,432,417,98
12,133,483,486,107
13,146,455,451,125
14,127,456,569,137
15,156,427,641,137
16,179,419,703,149
17,184,428,693,175
18,158,424,584,140
19,127,341,452,153
20,125,240,434,117
21,85,179,336,104
22,64,135,221,63
23,50,67,187,43

Year: 2015,Month: 8,Day: 8
,EB,NB,SB,WB
0,11,27,71,16
1,15,31,60,15
2,12,18,44,8
3,12,23,28,4
4,9,38,18,10
5,7,51,23,7
6,12,104,37,13
7,31,196,105,26
8,59,295,167,37
9,76,428,219,86
10,106,478,314,107
11,122,461,432,111
12,119,547,473,137
13,136,469,514,127
14,137,419,527,131
15,155,435,464,121
16,159,379,498,135
17,146,413,443,113
18,115,334,433,123
19,95,218,376,111
20,91,229,297,97
21,72,155,272,79
22,62,123,184,59
23,42,73,135,40

Year: 2015,Month: 8,Day: 9
,EB,NB,SB,WB
0,13,27,62,15
1,17,20,74,19
2,19,27,39,7
3,8,21,26,7
4,7,22,20,6
5,3,46,16,2
6,13,94,36,14
7,30,119,64,20
8,65,203,109,46
9,67,354,158,49
10,101,473,274,90
11,88,461,349,104
12,149,467,459,149
13,118,431,479,113
14,111,406,486,122
15,129,388,450,126
16,138,416,465,108
17,122,383,434,141
18,124,307,420,131
19,94,293,344,113
20,73,208,380,87
21,64,161,245,81
22,53,90,151,44
23,28,42,93,29

Year: 2015,Month: 8,Day: 10
,EB,NB,SB,WB
0,7,12,29,10
1,9,20,25,10
2,4,18,21,3
3,6,33,20,5
4,5,118,18,5
5,13,230,41,13
6,35,435,102,33
7,51,526,166,66
8,78,395,213,54
9,87,410,236,61
10,70,424,278,87
11,114,408,355,81
12,117,445,400,88
13,131,470,428,95
14,122,403,521,96
15,150,390,545,108
16,177,348,612,120
17,207,391,661,147
18,164,346,626,149
19,122,280,510,137
20,128,213,340,122
21,79,155,287,96
22,44,83,147,57
23,41,41,93,32

Year: 2015,Month: 8,Day: 11
,EB,NB,SB,WB
0,8,17,27,19
1,13,18,41,9
2,5,21,24,4
3,6,39,21,8
4,8,116,14,7
5,13,249,43,17
6,27,438,91,41
7,54,553,171,57
8,69,452,233,65
9,105,399,243,72
10,94,398,294,85
11,100,401,360,90
12,113,413,401,94
13,137,450,413,106
14,126,355,495,104
15,168,371,579,129
16,166,381,559,142
17,210,419,681,147
18,168,401,677,156
19,125,278,478,154
20,116,192,379,119
21,81,149,276,108
22,50,80,161,56
23,26,47,100,25

Year: 2015,Month: 8,Day: 12
,EB,NB,SB,WB
0,5,12,36,16
1,13,21,40,11
2,11,16,28,9
3,6,39,15,8
4,5,124,19,8
5,16,248,39,12
6,21,429,95,35
7,52,565,197,58
8,84,403,202,59
9,105,394,275,59
10,88,416,267,89
11,117,399,340,101
12,123,413,420,93
13,119,397,459,89
14,137,372,477,101
15,144,393,539,122
16,190,396,615,131
17,152,444,659,146
18,189,390,665,151
19,127,265,511,141
20,115,244,384,99
21,69,159,237,101
22,38,86,139,52
23,34,44,104,26

Year: 2015,Month: 8,Day: 13
,EB,NB,SB,WB
0,10,8,41,9
1,13,14,38,13
2,2,20,20,6
3,6,35,19,8
4,4,122,23,6
5,19,254,49,18
6,31,433,113,28
7,58,544,200,52
8,69,413,222,64
9,68,382,215,60
10,87,409,291,72
11,99,406,318,101
12,115,435,387,97
13,124,441,442,102
14,123,426,472,98
15,157,424,558,150
16,212,423,606,123
17,227,467,666,169
18,200,402,620,168
19,152,277,500,138
20,118,210,419,129
21,105,158,351,102
22,55,94,173,42
23,40,59,123,53

Year: 2015,Month: 8,Day: 14
,EB,NB,SB,WB
0,8,19,54,8
1,9,19,36,13
2,9,13,29,10
3,1,30,10,4
4,8,107,22,10
5,16,225,46,18
6,25,407,101,26
7,54,493,197,64
8,73,394,200,45
9,96,399,232,67
10,95,434,272,90
11,110,422,379,95
12,124,462,410,98
13,140,478,457,97
14,137,414,584,123
15,137,422,660,162
16,218,486,660,181
17,181,415,684,190
18,149,357,542,142
19,101,224,436,109
20,77,183,288,76
21,65,154,281,78
22,61,118,216,44
23,42,67,177,31

Year: 2015,Month: 8,Day: 15
,EB,NB,SB,WB
0,16,22,63,18
1,13,30,52,13
2,6,27,47,14
3,4,29,22,9
4,6,37,26,6
5,8,75,23,7
6,16,109,45,14
7,32,197,98,28
8,53,313,150,43
9,96,378,212,69
10,99,553,348,89
11,110,552,451,108
12,142,528,514,128
13,155,493,524,132
14,138,436,550,124
15,159,446,522,132
16,139,437,503,153
17,139,405,505,137
18,115,330,471,127
19,122,275,373,105
20,104,247,368,124
21,65,181,307,81
22,58,123,184,63
23,38,68,141,40

Year: 2015,Month: 8,Day: 16
,EB,NB,SB,WB
0,15,21,67,13
1,20,36,44,15
2,4,27,40,13
3,8,19,29,4
4,3,26,17,5
5,4,52,23,5
6,8,62,18,10
7,29,113,55,12
8,60,201,113,31
9,47,347,172,42
10,107,442,259,89
11,120,475,340,96
12,125,518,443,169
13,144,445,444,138
14,126,403,433,133
15,142,405,480,128
16,145,413,433,104
17,125,363,396,144
18,108,313,430,132
19,89,256,331,106
20,88,202,285,93
21,76,148,223,73
22,44,78,158,36
23,22,42,67,28

Year: 2015,Month: 8,Day: 17
,EB,NB,SB,WB
0,5,18,34,12
1,13,23,21,5
2,5,13,15,7
3,3,33,17,2
4,7,130,15,1
5,11,243,48,12
6,27,427,93,28
7,53,492,176,46
8,89,413,228,73
9,82,366,264,75
10,95,422,283,83
11,111,393,359,81
12,123,457,382,101
13,129,460,412,124
14,149,409,470,103
15,166,386,556,113
16,196,372,651,155
17,193,420,708,175
18,157,374,629,150
19,125,300,451,138
20,117,204,363,135
21,77,142,283,85
22,50,77,166,47
23,34,47,100,29

Year: 2015,Month: 8,Day: 18
,EB,NB,SB,WB
0,15,9,32,15
1,9,15,27,11
2,2,14,20,7
3,5,37,15,9
4,5,145,14,1
5,16,255,54,16
6,22,427,97,35
7,57,558,180,57
8,78,420,224,63
9,92,362,221,86
10,89,472,298,83
11,107,413,347,88
12,102,426,420,93
13,106,421,408,95
14,131,394,505,133
15,159,394,566,130
16,184,397,668,142
17,196,416,668,147
18,196,343,621,167
19,142,278,505,153
20,117,204,380,126
21,86,140,278,108
22,44,80,173,33
23,33,55,105,26

Year: 2015,Month: 8,Day: 19
,EB,NB,SB,WB
0,9,14,38,11
1,7,23,38,10
2,6,15,23,8
3,6,34,20,5
4,11,140,20,8
5,14,243,42,14
6,33,460,89,35
7,61,549,188,64
8,73,435,241,56
9,102,376,244,70
10,92,406,289,96
11,112,415,365,95
12,114,416,394,106
13,129,436,412,102
14,132,450,511,87
15,170,399,555,126
16,172,416,608,178
17,192,439,654,157
18,179,387,652,129
19,132,274,509,134
20,120,194,410,118
21,85,133,345,105
22,40,93,158,47
23,35,50,101,23

Year: 2015,Month: 8,Day: 20
,EB,NB,SB,WB
0,10,15,29,7
1,11,21,38,14
2,9,18,38,4
3,1,27,12,4
4,6,129,22,8
5,15,269,50,18
6,29,442,90,37
7,66,544,188,49
8,85,452,216,63
9,98,358,235,80
10,111,405,291,84
11,97,410,372,88
12,126,407,404,97
13,138,437,444,98
14,150,422,525,132
15,165,416,535,133
16,191,420,646,141
17,198,468,642,142
18,162,391,632,131
19,130,293,574,138
20,130,228,527,132
21,87,137,315,90
22,47,107,166,40
23,34,51,112,33

Year: 2015,Month: 8,Day: 21
,EB,NB,SB,WB
0,8,14,40,6
1,6,14,50,7
2,10,22,26,10
3,6,28,15,7
4,4,110,28,7
5,13,210,44,10
6,23,385,108,34
7,45,487,178,58
8,78,406,210,74
9,96,404,243,60
10,105,421,280,87
11,89,419,400,80
12,116,444,450,98
13,120,470,508,108
14,152,402,567,123
15,178,440,565,131
16,184,461,686,168
17,194,424,685,193
18,177,378,564,147
19,122,279,528,126
20,120,264,370,110
21,100,156,316,104
22,67,120,224,69
23,30,61,157,53

Year: 2015,Month: 8,Day: 22
,EB,NB,SB,WB
0,15,24,59,18
1,12,26,57,16
2,15,15,37,7
3,3,30,19,3
4,3,33,17,6
5,7,56,20,2
6,10,100,43,16
7,36,160,88,27
8,60,235,176,63
9,102,405,227,83
10,107,503,325,73
11,141,538,433,115
12,146,539,443,139
13,150,479,442,130
14,159,467,472,146
15,164,514,653,169
16,112,455,543,142
17,124,390,486,130
18,127,363,431,113
19,113,272,337,117
20,102,215,332,99
21,83,169,304,85
22,53,97,182,62
23,40,54,128,33

Year: 2015,Month: 8,Day: 23
,EB,NB,SB,WB
0,13,18,63,17
1,25,30,51,13
2,17,12,52,12
3,10,20,15,5
4,6,28,21,7
5,6,30,13,2
6,16,60,33,6
7,26,101,56,9
8,54,189,113,41
9,62,351,157,53
10,84,435,237,81
11,95,458,336,107
12,132,465,442,122
13,119,437,460,141
14,104,435,495,121
15,125,400,459,112
16,128,401,418,139
17,131,364,429,145
18,134,319,423,145
19,99,245,342,132
20,93,202,331,75
21,71,136,170,74
22,41,75,131,45
23,23,47,90,24

Year: 2015,Month: 8,Day: 24
,EB,NB,SB,WB
0,11,17,21,8
1,12,17,32,6
2,8,13,14,4
3,6,41,13,3
4,9,118,10,6
5,13,259,41,15
6,31,412,108,34
7,57,536,166,76
8,81,407,234,64
9,86,385,251,64
10,83,404,269,70
11,96,407,346,86
12,112,405,437,100
13,119,442,463,124
14,126,418,524,102
15,164,410,586,145
16,193,402,637,176
17,191,444,741,175
18,193,360,661,176
19,127,255,452,130
20,113,232,387,122
21,76,156,271,78
22,38,60,162,54
23,29,51,82,22

Year: 2015,Month: 8,Day: 25
,EB,NB,SB,WB
0,6,12,26,9
1,18,11,31,12
2,7,15,21,6
3,6,35,16,5
4,6,134,7,5
5,15,265,53,17
6,26,451,96,28
7,61,534,191,65
8,74,445,260,76
9,96,390,215,60
10,89,383,287,74
11,102,410,343,93
12,107,435,370,103
13,136,437,432,103
14,133,410,476,99
15,149,378,604,130
16,153,385,620,140
17,208,432,715,181
18,186,404,677,153
19,129,294,462,137
20,115,195,432,148
21,79,158,284,79
22,51,70,183,53
23,29,45,93,23

Year: 2015,Month: 8,Day: 26
,EB,NB,SB,WB
0,8,13,28,13
1,7,16,40,3
2,6,11,32,4
3,2,40,16,2
4,7,122,19,8
5,16,247,48,14
6,22,421,103,31
7,57,562,165,71
8,92,433,257,54
9,84,404,243,70
10,97,418,282,93
11,119,400,371,99
12,119,427,410,110
13,121,404,428,104
14,156,383,556,110
15,165,455,563,143
16,199,431,630,150
17,203,437,713,169
18,191,390,627,191
19,141,281,494,147
20,119,205,395,106
21,78,143,316,86
22,41,82,186,56
23,33,37,98,25

Year: 2015,Month: 8,Day: 27
,EB,NB,SB,WB
0,9,12,34,9
1,6,14,29,8
2,6,16,28,7
3,4,35,17,6
4,12,127,12,9
5,17,250,43,18
6,30,450,107,41
7,49,561,193,61
8,79,464,245,56
9,84,354,251,67
10,94,373,288,85
11,122,426,358,103
12,118,455,481,116
13,137,458,441,100
14,131,454,501,112
15,174,415,644,124
16,184,404,616,165
17,232,463,679,179
18,181,426,661,178
19,141,302,542,137
20,135,218,398,102
21,84,156,357,102
22,56,88,174,47
23,30,37,85,36

Year: 2015,Month: 8,Day: 28
,EB,NB,SB,WB
0,16,12,45,10
1,12,9,38,5
2,9,23,18,7
3,8,28,24,2
4,5,114,11,7
5,15,233,48,10
6,30,386,88,37
7,54,495,177,53
8,78,398,208,60
9,93,386,245,64
10,117,426,290,67
11,98,460,396,91
12,117,470,433,137
13,128,435,467,112
14,135,440,501,133
15,176,427,603,161
16,181,455,637,175
17,221,451,692,179
18,167,444,690,173
19,121,304,528,131
20,114,224,382,121
21,90,145,310,91
22,59,126,194,54
23,42,63,154,31

Year: 2015,Month: 8,Day: 29
,EB,NB,SB,WB
0,20,28,65,18
1,22,24,57,12
2,9,23,47,7
3,4,20,24,4
4,6,38,18,7
5,7,58,27,6
6,14,104,40,10
7,33,189,75,22
8,73,257,147,42
9,76,389,191,81
10,124,535,307,101
11,120,542,409,119
12,185,548,606,185
13,184,495,633,216
14,134,287,380,87
21,10,24,35,12
22,70,92,188,55
23,35,73,126,39

Year: 2015,Month: 8,Day: 30
,EB,NB,SB,WB
0,20,25,42,10
1,15,19,51,8
2,13,19,31,14
3,4,15,26,5
4,4,25,16,4
5,6,42,15,3
6,11,56,24,8
7,29,101,48,16
8,48,184,133,22
9,61,344,167,55
10,100,445,266,70
11,95,443,308,96
12,136,468,458,133
13,134,476,482,119
14,141,390,489,115
15,147,387,454,120
16,124,367,443,132
17,114,372,455,100
18,116,280,434,110
19,105,221,341,110
20,75,172,299,86
21,42,116,188,56
22,36,77,125,40
23,23,47,65,23

Year: 2015,Month: 8,Day: 31
,EB,NB,SB,WB
0,11,21,30,4
1,7,17,24,4
2,4,15,14,6
3,5,34,14,5
4,10,148,19,5
5,13,251,55,14
6,36,449,103,39
7,62,549,184,59
8,99,456,232,70
9,87,386,254,91
10,91,436,321,104
11,123,459,381,109
12,138,464,407,116
13,136,452,440,102
14,150,463,570,156
15,168,422,639,132
16,180,405,685,191
17,195,462,744,191
18,179,376,746,209
19,121,265,456,127
20,102,184,365,119
21,67,125,235,79
22,38,79,134,35
23,22,51,78,21

Year: 2015,Month: 9,Day: 1
,EB,NB,SB,WB
0,12,11,45,3
1,12,18,36,8
2,9,17,18,11
3,7,40,16,5
4,11,146,28,2
5,22,274,48,15
6,31,465,106,47
7,60,563,203,75
8,88,425,228,52
9,93,370,251,59
10,97,429,271,65
11,93,412,362,95
12,132,450,417,81
13,131,439,521,103
14,148,465,573,106
15,142,431,611,149
16,197,428,703,133
17,194,432,748,196
18,151,386,667,188
19,142,279,581,155
20,90,176,367,128
21,48,119,285,80
22,43,66,134,30
23,30,33,81,26

Year: 2015,Month: 9,Day: 2
,EB,NB,SB,WB
0,9,12,30,10
1,10,19,37,4
2,13,15,20,10
3,2,42,11,3
4,14,148,16,6
5,13,266,40,11
6,25,508,105,42
7,59,533,190,72
8,104,431,204,47
9,70,381,250,50
10,95,407,255,88
11,100,389,350,83
12,142,455,393,100
13,131,422,423,84
14,143,396,549,114
15,151,442,602,135
16,185,443,673,174
17,192,516,682,198
18,181,430,724,190
19,130,297,512,150
20,103,215,411,106
21,86,127,317,78
22,37,87,150,43
23,33,50,99,26

Year: 2015,Month: 9,Day: 3
,EB,NB,SB,WB
0,15,21,25,14
1,10,16,42,10
2,2,15,26,5
3,5,45,15,6
4,12,148,20,8
5,23,262,55,16
6,32,510,103,45
7,65,590,170,72
8,99,435,209,55
9,88,399,250,69
10,95,443,305,72
11,91,406,392,93
12,149,464,421,112
13,143,449,465,109
14,125,420,522,111
15,184,406,564,112
16,226,452,723,167
17,222,486,739,215
18,196,422,741,193
19,113,251,538,155
20,98,219,364,129
21,70,126,254,80
22,62,77,163,56
23,38,54,134,33

Year: 2015,Month: 9,Day: 4
,EB,NB,SB,WB
0,9,19,60,14
1,12,22,37,5
2,8,14,29,7
3,6,42,19,5
4,10,125,18,6
5,23,208,50,11
6,27,391,90,28
7,65,487,189,50
8,75,405,240,50
9,84,408,268,84
10,92,470,343,93
11,115,448,397,94
12,132,457,520,112
13,156,479,547,123
14,159,506,592,146
15,163,442,687,170
16,173,466,742,199
17,183,478,779,190
18,158,426,622,177
19,142,347,496,130
20,91,224,385,91
21,57,189,303,73
22,69,89,285,74
23,42,62,185,34

Year: 2015,Month: 9,Day: 5
,EB,NB,SB,WB
0,17,27,61,15
1,21,29,52,13
2,10,15,30,6
3,4,18,10,7
4,5,30,20,10
5,13,63,18,8
6,15,114,39,9
7,33,148,104,27
8,85,258,175,48
9,95,382,202,73
10,104,508,308,97
11,120,620,522,127
12,119,543,472,141
13,123,455,490,132
14,141,421,536,114
15,149,453,554,128
16,139,428,504,130
17,124,398,476,116
18,108,367,451,116
19,119,256,335,78
20,72,213,354,92
21,68,153,215,62
22,66,117,162,65
23,37,71,123,42

Year: 2015,Month: 9,Day: 6
,EB,NB,SB,WB
0,9,22,49,19
1,16,15,44,14
2,8,15,37,8
3,5,12,26,5
4,3,16,20,3
5,8,37,32,2
6,14,62,30,6
7,28,108,54,14
8,50,179,104,30
9,48,324,141,34
10,71,392,215,73
11,106,460,329,71
12,134,450,448,147
13,118,401,447,117
14,116,399,463,124
15,132,412,472,107
16,138,392,455,108
17,121,322,481,116
18,91,297,416,110
19,87,226,333,98
20,70,174,250,68
21,73,143,189,62
22,38,85,126,38
23,39,52,85,29

Year: 2015,Month: 9,Day: 7
,EB,NB,SB,WB
0,8,16,36,10
1,12,19,33,9
2,6,20,24,10
3,3,18,14,6
4,6,22,17,4
5,6,41,21,4
6,22,94,39,8
7,17,116,85,17
8,46,148,121,30
9,55,283,166,63
10,80,357,248,71
11,98,445,332,97
12,111,438,383,118
13,126,462,461,113
14,125,476,473,131
15,132,429,515,140
16,127,371,485,145
17,108,335,404,143
18,89,276,353,130
19,113,239,334,124
20,78,162,292,92
21,58,105,192,63
22,30,67,101,34
23,19,42,68,21

Year: 2015,Month: 9,Day: 8
,EB,NB,SB,WB
0,5,8,32,4
1,6,14,24,2
2,4,16,16,6
3,4,39,15,5
4,4,132,9,2
5,19,271,43,13
6,31,465,122,43
7,106,817,280,163
8,162,590,306,113
9,92,466,265,93
10,90,405,277,80
11,97,392,356,84
12,113,422,451,107
13,128,407,483,119
14,147,450,535,179
15,186,496,723,157
16,202,458,668,201
17,210,470,728,192
18,197,416,686,170
19,144,281,505,146
20,104,196,480,126
21,60,135,233,95
22,32,58,117,33
23,20,35,89,20

Year: 2015,Month: 9,Day: 9
,EB,NB,SB,WB
0,11,9,29,6
1,8,17,39,5
2,8,15,22,8
3,8,39,21,4
4,7,148,13,3
5,20,261,50,16
6,40,494,134,42
7,106,757,269,157
8,127,533,305,103
9,98,423,229,77
10,89,425,288,74
11,120,372,330,84
12,107,345,402,99
13,110,399,446,112
14,160,422,507,143
15,192,465,648,188
16,194,457,689,191
17,212,498,705,202
18,187,412,737,146
19,135,306,550,104
20,117,157,484,129
21,76,113,324,70
22,50,83,148,35
23,19,42,99,28

Year: 2015,Month: 9,Day: 10
,EB,NB,SB,WB
0,8,13,40,9
1,9,17,34,6
2,7,15,23,7
3,6,37,20,5
4,7,148,20,6
5,17,280,47,15
6,29,509,129,35
7,107,777,255,153
8,122,543,295,93
9,88,428,252,83
10,89,395,274,82
11,105,355,368,79
12,113,443,441,97
13,143,454,460,108
14,165,470,587,140
15,197,492,660,183
16,192,432,686,204
17,205,520,705,215
18,171,453,652,182
19,168,283,575,150
20,116,202,488,128
21,70,131,303,76
22,46,69,125,36
23,21,30,94,23

Year: 2015,Month: 9,Day: 11
,EB,NB,SB,WB
0,12,13,27,10
1,13,23,34,9
2,5,18,28,5
3,4,32,17,2
4,8,121,22,7
5,15,262,50,15
6,35,463,141,34
7,120,797,232,142
8,127,588,299,94
9,114,535,258,86
10,93,459,260,110
11,119,405,322,98
12,128,417,429,97
13,133,371,503,109
14,169,453,583,170
15,181,483,671,177
16,172,451,695,205
17,205,463,729,179
18,176,402,610,178
19,117,288,462,120
20,102,199,412,105
21,96,165,359,86
22,78,96,306,70
23,57,68,246,56

Year: 2015,Month: 9,Day: 12
,EB,NB,SB,WB
0,27,26,67,18
1,16,23,68,11
2,10,22,40,6
3,2,22,28,6
4,9,39,21,8
5,19,68,21,11
6,16,162,35,9
7,48,232,141,36
8,91,381,147,62
9,109,490,245,97
10,133,523,319,127
11,141,542,368,126
12,147,568,446,176
13,161,491,452,135
14,179,467,468,129
15,136,393,524,166
16,174,442,510,136
17,150,437,496,139
18,105,348,412,122
19,104,317,431,123
20,102,221,356,96
21,63,178,318,84
22,67,93,276,63
23,38,71,243,44

Year: 2015,Month: 9,Day: 13
,EB,NB,SB,WB
0,20,31,68,13
1,15,28,58,9
2,10,25,48,5
3,4,19,24,6
4,8,20,11,7
5,5,41,27,3
6,11,71,36,11
7,36,144,69,15
8,65,272,124,48
9,69,444,235,65
10,105,390,321,115
11,112,374,292,91
12,110,368,340,141
13,100,352,347,100
14,135,509,446,128
15,126,379,450,125
16,135,384,423,126
17,123,340,436,160
18,127,289,438,130
19,100,278,349,103
20,79,151,352,83
21,48,117,205,44
22,35,73,150,25
23,18,42,94,19

Year: 2015,Month: 9,Day: 14
,EB,NB,SB,WB
0,7,8,34,5
1,6,13,18,5
2,5,16,15,5
3,4,35,12,5
4,7,139,20,2
5,16,274,38,16
6,26,464,129,42
7,75,580,176,78
8,114,596,296,118
9,116,508,289,115
10,97,432,293,101
11,93,400,320,103
12,122,392,375,100
13,105,405,399,117
14,142,396,530,150
15,198,449,644,186
16,184,429,630,182
17,209,415,656,172
18,157,389,659,147
19,131,253,489,119
20,92,180,358,88
21,57,117,284,80
22,41,78,215,41
23,27,37,124,22

Year: 2015,Month: 9,Day: 15
,EB,NB,SB,WB
0,7,11,25,3
1,9,16,28,7
2,3,21,25,5
3,6,36,20,3
4,5,139,16,3
5,17,269,42,13
6,29,513,154,40
7,113,743,249,155
8,121,586,289,103
9,92,423,240,86
10,98,383,273,89
11,111,368,359,116
12,127,439,427,100
13,127,368,411,78
14,162,457,513,156
15,214,467,626,186
16,182,466,637,207
17,212,488,704,185
18,195,379,655,169
19,120,282,513,148
20,108,159,463,119
21,80,123,256,72
22,60,77,214,32
23,33,33,125,28

Year: 2015,Month: 9,Day: 16
,EB,NB,SB,WB
0,12,16,26,6
1,8,11,41,6
2,5,13,23,9
3,2,36,12,1
4,7,132,15,5
5,18,256,51,14
6,29,523,147,54
7,106,784,238,150
8,118,589,298,96
9,99,414,253,84
10,115,381,279,89
11,133,444,444,141
12,147,531,457,153
13,139,452,399,107
14,138,407,465,115
15,166,442,529,110
16,174,447,628,150
17,191,463,674,186
18,175,385,688,165
19,130,252,538,120
20,101,183,478,104
21,97,110,357,69
22,50,67,226,38
23,21,32,106,21

Year: 2015,Month: 9,Day: 17
,EB,NB,SB,WB
0,12,16,24,7
1,7,13,29,9
2,6,15,21,4
3,5,37,11,4
4,6,150,13,6
5,21,261,51,20
6,40,541,137,46
7,104,734,258,157
8,127,526,255,97
9,83,405,228,84
10,101,372,258,68
11,84,430,360,100
12,111,434,386,84
13,125,413,426,102
14,161,452,524,155
15,170,495,616,166
16,173,465,639,169
17,196,509,710,198
18,184,391,660,161
19,124,282,553,131
20,108,187,468,120
21,75,137,339,80
22,50,78,209,40
23,33,49,99,23

Year: 2015,Month: 9,Day: 18
,EB,NB,SB,WB
0,9,9,35,2
1,12,14,25,11
2,7,12,25,4
3,4,28,17,8
4,8,126,18,5
5,12,247,49,13
6,25,473,134,40
7,120,720,262,121
8,129,534,263,85
9,94,422,244,111
10,95,454,259,72
11,123,458,384,96
12,123,409,431,111
13,129,425,464,111
14,161,496,597,160
15,189,487,623,158
16,177,456,684,175
17,190,448,657,205
18,185,421,580,161
19,140,309,535,108
20,93,202,419,91
21,75,144,350,77
22,64,104,315,44
23,38,55,265,30

Year: 2015,Month: 9,Day: 19
,EB,NB,SB,WB
0,18,23,74,12
1,19,22,56,11
2,7,17,47,6
3,2,24,21,5
4,3,33,23,6
5,9,69,39,8
6,15,151,41,15
7,52,214,107,29
8,75,358,148,58
9,107,516,217,90
10,129,539,374,100
11,136,545,381,132
12,139,609,431,132
13,146,518,464,119
14,117,441,479,118
15,138,407,443,128
16,130,444,475,134
17,157,425,525,100
18,141,363,512,120
19,110,314,408,123
20,78,181,351,90
21,73,151,287,79
22,52,116,268,62
23,37,78,224,36

Year: 2015,Month: 9,Day: 20
,EB,NB,SB,WB
0,21,26,66,11
1,22,22,66,12
2,9,21,43,8
3,6,20,24,6
4,3,33,25,3
5,8,42,16,5
6,11,70,35,7
7,21,116,57,19
8,60,227,104,34
9,68,465,167,52
10,88,474,231,84
11,112,502,383,107
12,139,494,436,173
13,139,444,419,145
14,118,446,468,141
15,139,400,479,138
16,150,364,559,149
17,149,335,475,146
18,73,214,357,67
19,67,195,291,61
20,47,136,219,57
21,87,209,268,73
22,34,79,166,40
23,20,35,114,15

Year: 2015,Month: 9,Day: 21
,EB,NB,SB,WB
0,3,12,28,10
1,6,14,9,4
2,4,16,14,4
3,3,39,14,1
4,4,137,17,2
5,13,262,46,13
6,34,469,111,36
7,69,617,216,68
8,110,590,293,136
9,129,479,278,119
10,99,442,299,98
11,97,385,372,71
12,120,385,392,111
13,108,426,438,99
14,168,444,558,155
15,179,471,587,179
16,189,436,624,159
17,221,449,650,191
18,162,381,696,162
19,119,309,481,113
20,98,156,461,95
21,66,117,340,67
22,41,81,191,25
23,31,35,104,27

Year: 2015,Month: 9,Day: 22
,EB,NB,SB,WB
0,9,16,25,2
1,6,9,23,7
2,4,20,17,7
3,3,37,15,4
4,9,147,15,3
5,8,272,42,15
6,36,529,134,37
7,104,785,270,160
8,118,585,278,102
9,93,436,247,99
10,87,361,267,78
11,109,384,330,88
12,115,420,379,101
13,132,382,418,122
14,142,416,508,145
15,184,474,617,188
16,212,441,612,160
17,223,484,691,183
18,223,416,681,159
19,139,277,528,142
20,104,169,480,120
21,72,116,292,71
22,37,75,212,39
23,36,45,114,24

Year: 2015,Month: 9,Day: 23
,EB,NB,SB,WB
0,9,13,26,13
1,7,9,34,8
2,5,13,19,12
3,6,36,11,2
4,9,135,21,5
5,17,252,46,13
6,35,502,135,43
7,95,781,260,142
8,119,540,282,86
9,103,423,244,91
10,88,435,278,72
11,117,386,374,98
12,135,413,367,89
13,106,378,439,116
14,131,432,535,148
15,176,474,600,166
16,191,458,608,152
17,189,456,632,195
18,166,451,591,179
19,135,247,508,142
20,120,174,491,126
21,61,109,325,56
22,39,73,187,36
23,38,37,155,22

Year: 2015,Month: 9,Day: 24
,EB,NB,SB,WB
0,10,5,27,8
1,5,8,29,2
2,5,17,16,4
3,4,41,19,2
4,6,140,13,4
5,14,277,59,15
6,35,489,132,37
7,96,770,253,133
8,117,559,276,98
9,82,429,242,86
10,92,412,271,71
11,106,365,329,98
12,139,429,401,102
13,109,385,414,111
14,167,415,563,133
15,151,512,582,159
16,208,460,612,174
17,225,518,680,178
18,188,393,654,160
19,134,301,581,132
20,93,173,439,82
21,80,111,341,71
22,40,72,208,48
23,38,36,156,27

Year: 2015,Month: 9,Day: 25
,EB,NB,SB,WB
0,15,16,28,5
1,8,20,35,8
2,4,19,18,8
3,0,40,17,2
4,7,124,16,4
5,18,257,43,18
6,29,499,148,35
7,100,779,268,150
8,122,602,272,95
9,92,418,270,82
10,89,418,255,86
11,98,423,358,79
12,112,458,412,113
13,129,407,461,104
14,179,444,554,129
15,190,554,642,166
16,211,490,670,180
17,192,540,690,165
18,183,496,585,168
19,119,286,510,129
20,89,189,396,93
21,57,154,378,92
22,64,115,322,43
23,53,72,258,40

Year: 2015,Month: 9,Day: 26
,EB,NB,SB,WB
0,20,22,63,13
1,16,23,47,11
2,12,22,30,8
3,8,24,20,9
4,5,34,13,4
5,10,53,24,3
6,16,134,46,12
7,31,196,88,30
8,71,339,182,52
9,114,455,239,78
10,120,581,320,113
11,151,575,407,137
12,128,582,445,127
13,134,484,459,152
14,129,481,506,140
15,167,453,500,149
16,186,443,488,142
17,148,468,500,143
18,159,370,502,140
19,136,297,426,119
20,82,196,422,107
21,65,176,346,80
22,62,129,283,55
23,49,65,226,41

Year: 2015,Month: 9,Day: 27
,EB,NB,SB,WB
0,20,27,72,17
1,20,21,46,7
2,8,16,36,6
3,5,18,20,3
4,4,28,16,6
5,6,48,23,6
6,8,72,29,6
7,28,144,62,15
8,58,251,105,32
9,67,448,162,65
10,66,481,256,105
11,100,465,343,103
12,137,445,479,149
13,124,410,490,130
14,118,332,390,95
15,104,338,373,102
16,96,397,349,110
17,122,396,462,138
18,143,313,423,121
19,116,197,426,113
20,79,171,320,101
21,45,106,197,70
22,36,90,184,34
23,14,28,117,16

Year: 2015,Month: 9,Day: 28
,EB,NB,SB,WB
0,5,9,31,4
1,6,12,30,4
2,8,21,18,8
3,1,31,7,0
4,10,132,14,5
5,15,267,40,9
6,36,455,118,27
7,75,598,234,79
8,107,585,283,126
9,125,489,293,88
10,82,400,300,94
11,101,352,361,78
12,146,394,421,95
13,111,363,399,92
14,139,411,565,166
15,165,464,671,157
16,187,409,662,189
17,209,433,687,193
18,145,388,640,182
19,138,255,493,139
20,87,150,351,77
21,71,106,267,51
22,40,67,137,39
23,20,32,65,14

Year: 2015,Month: 9,Day: 29
,EB,NB,SB,WB
0,11,16,19,3
1,9,11,20,9
2,5,18,17,7
3,2,36,16,3
4,5,136,10,3
5,14,281,40,10
6,32,544,145,41
7,89,793,272,141
8,122,579,293,116
9,92,429,255,76
10,79,363,277,85
11,112,354,337,78
12,130,437,437,123
13,111,397,436,99
14,159,416,550,165
15,191,457,607,178
16,217,418,631,198
17,228,475,656,180
18,222,425,658,175
19,136,298,552,135
20,101,180,419,122
21,54,119,286,69
22,38,69,130,38
23,15,32,72,14

Year: 2015,Month: 9,Day: 30
,EB,NB,SB,WB
0,9,10,38,3
1,8,12,17,11
2,6,16,18,8
3,3,35,13,1
4,12,141,16,6
5,14,273,34,7
6,31,523,131,42
7,101,779,246,158
8,112,621,274,105
9,85,417,251,108
10,96,369,277,87
11,95,368,381,99
12,140,408,415,122
13,119,385,415,102
14,137,423,540,154
15,196,455,604,163
16,199,461,693,168
17,241,478,672,219
18,199,432,739,222
19,148,266,591,134
20,92,167,457,112
21,75,102,283,65
22,41,75,123,51
23,25,31,82,22

Year: 2015,Month: 10,Day: 1
,EB,NB,SB,WB
0,8,17,25,4
1,13,13,28,11
2,3,14,12,4
3,1,37,14,1
4,16,141,16,9
5,14,276,56,17
6,33,532,136,42
7,92,801,244,145
8,115,569,288,90
9,89,443,250,94
10,100,372,310,86
11,95,372,361,95
12,114,455,421,104
13,133,409,519,128
14,159,456,561,131
15,193,512,665,176
16,186,458,673,179
17,219,475,723,197
18,198,403,768,169
19,157,269,666,143
20,111,157,424,110
21,85,151,315,85
22,48,101,180,40
23,22,43,100,24

Year: 2015,Month: 10,Day: 2
,EB,NB,SB,WB
0,10,14,27,10
1,6,11,32,10
2,7,17,23,4
3,3,34,12,3
4,7,137,16,3
5,13,241,48,15
6,38,471,128,46
7,90,739,286,133
8,122,566,263,110
9,96,457,320,75
10,91,403,303,68
11,95,430,342,81
12,136,459,478,94
13,119,430,535,116
14,136,510,612,146
15,183,498,687,204
16,182,514,731,214
17,207,549,701,204
18,186,538,692,189
19,108,326,579,121
20,73,179,374,82
21,81,163,310,66
22,56,155,425,72
23,31,64,221,52

Year: 2015,Month: 10,Day: 3
,EB,NB,SB,WB
0,14,20,57,17
1,15,26,53,11
2,13,15,31,7
3,3,27,30,1
4,9,31,16,5
5,5,54,21,4
6,23,117,36,16
7,51,168,104,27
8,59,306,143,39
9,100,449,212,76
10,122,524,300,126
11,122,541,435,151
12,152,599,481,150
13,156,531,579,164
14,161,496,587,160
15,170,465,579,152
16,164,497,571,159
17,162,528,538,140
18,145,376,531,152
19,134,307,416,110
20,88,183,362,75
21,60,140,235,72
22,45,105,193,51
23,40,61,150,36

Year: 2015,Month: 10,Day: 4
,EB,NB,SB,WB
0,16,33,54,13
1,16,28,53,14
2,13,20,36,19
3,6,18,22,9
4,4,24,29,4
5,5,44,13,4
6,9,76,30,5
7,26,113,66,12
8,62,201,108,39
9,63,365,158,59
10,115,419,252,89
11,113,428,355,87
12,128,486,407,136
13,128,455,460,127
14,119,386,481,121
15,121,393,490,115
16,148,401,457,122
17,150,363,442,147
18,124,262,412,137
19,101,214,330,110
20,72,131,231,69
21,37,108,162,41
22,33,66,118,35
23,22,30,65,16

Year: 2015,Month: 10,Day: 5
,EB,NB,SB,WB
0,4,12,21,6
1,7,19,22,2
2,3,15,14,4
3,0,26,15,1
4,8,145,18,2
5,17,283,48,13
6,33,476,114,35
7,60,614,223,82
8,118,613,289,136
9,123,492,286,97
10,83,425,313,96
11,109,379,343,90
12,141,390,407,95
13,102,394,509,103
14,133,432,521,152
15,166,473,640,173
16,203,447,657,189
17,189,457,650,178
18,164,314,582,136
19,131,230,448,85
20,90,141,276,71
21,85,131,298,66
22,36,58,134,46
23,17,33,77,14

Year: 2015,Month: 10,Day: 6
,EB,NB,SB,WB
0,6,13,25,5
1,7,13,25,7
2,9,16,19,9
3,1,30,11,3
4,9,132,20,5
5,16,274,40,20
6,30,524,140,37
7,90,761,263,163
8,136,602,262,107
9,107,434,249,93
10,101,389,266,72
11,128,366,314,89
12,95,388,406,120
13,117,381,418,75
14,141,402,569,163
15,192,454,623,189
16,191,466,634,160
17,232,513,693,180
18,168,431,684,170
19,117,295,518,134
20,98,143,415,103
21,76,134,291,65
22,41,78,138,36
23,16,32,76,11

Year: 2015,Month: 10,Day: 7
,EB,NB,SB,WB
0,7,8,29,6
1,12,12,27,5
2,6,14,14,5
3,2,28,16,4
4,10,135,14,3
5,10,265,43,10
6,38,536,139,37
7,85,794,255,160
8,121,580,272,106
9,94,495,277,91
10,79,327,230,59
11,100,364,333,68
12,120,358,400,95
13,99,365,432,91
14,152,411,525,146
15,201,426,614,145
16,183,468,683,173
17,195,440,706,192
18,181,421,683,159
19,143,223,520,150
20,106,172,422,96
21,57,104,276,53
22,39,70,132,19
23,25,42,94,11

Year: 2015,Month: 10,Day: 8
,EB,NB,SB,WB
0,14,11,28,8
1,8,20,20,6
2,9,13,15,7
3,3,37,19,4
4,8,146,18,3
5,11,260,44,12
6,33,519,132,33
7,64,599,192,87
8,85,464,235,55
9,75,409,213,69
10,110,366,260,72
11,98,395,331,64
12,118,421,386,83
13,124,392,455,97
14,140,438,509,109
15,174,415,618,130
16,187,412,668,148
17,187,499,649,188
18,205,404,687,152
19,153,277,553,146
20,100,177,384,100
21,71,125,310,67
22,52,58,164,43
23,31,67,97,28

Year: 2015,Month: 10,Day: 9
,EB,NB,SB,WB
0,11,18,41,10
1,8,11,34,12
2,7,18,18,6
3,5,35,25,4
4,5,141,21,3
5,12,227,49,8
6,31,434,96,17
7,55,537,175,59
8,79,458,186,59
9,94,411,227,57
10,106,430,278,80
11,114,443,366,95
12,126,439,454,91
13,148,543,485,114
14,154,453,518,117
15,163,431,667,133
16,191,454,697,190
17,189,457,751,162
18,159,455,655,188
19,113,335,469,129
20,91,179,363,83
21,70,145,277,84
22,74,127,308,52
23,47,61,169,38

Year: 2015,Month: 10,Day: 10
,EB,NB,SB,WB
0,24,34,57,14
1,20,24,62,16
2,11,18,52,9
3,9,22,12,7
4,7,38,21,5
5,9,55,25,6
6,16,106,40,12
7,35,202,83,33
8,71,262,138,57
9,89,411,190,81
10,111,556,294,85
11,118,558,431,125
12,132,554,491,128
13,150,507,502,143
14,159,489,589,153
15,136,439,632,140
16,135,457,569,154
17,134,401,489,125
18,113,344,468,125
19,93,247,348,91
20,81,199,299,76
21,59,130,231,75
22,61,91,204,47
23,36,66,144,43

Year: 2015,Month: 10,Day: 11
,EB,NB,SB,WB
0,22,26,62,25
1,17,21,56,15
2,18,20,35,8
3,3,18,21,5
4,4,29,15,5
5,5,34,20,3
6,12,60,34,9
7,28,115,57,9
8,70,260,107,47
9,73,396,222,68
10,96,363,282,72
11,116,349,305,80
12,103,316,309,129
13,115,379,386,105
14,130,516,477,132
15,140,367,471,104
16,117,371,429,126
17,144,373,435,139
18,134,310,397,143
19,74,218,307,85
20,68,140,236,72
21,33,92,146,35
22,25,71,90,25
23,20,36,65,21

Year: 2015,Month: 10,Day: 12
,EB,NB,SB,WB
0,7,9,12,2
1,10,13,28,4
2,3,19,19,5
3,6,32,16,3
4,9,126,15,4
5,17,228,45,14
6,32,451,116,34
7,64,544,209,73
8,122,606,272,145
9,127,492,261,76
10,97,436,282,105
11,120,375,339,84
12,140,393,404,99
13,110,424,494,125
14,146,451,585,145
15,207,488,664,223
16,179,487,707,205
17,223,427,691,178
18,167,409,656,166
19,125,249,412,116
20,78,143,305,83
21,85,113,282,58
22,36,71,121,35
23,18,34,67,12

Year: 2015,Month: 10,Day: 13
,EB,NB,SB,WB
0,5,9,27,7
1,7,15,24,5
2,6,13,13,9
3,2,31,11,4
4,7,150,12,5
5,9,283,32,12
6,42,548,160,44
7,101,752,260,135
8,109,620,303,102
9,101,427,260,76
10,73,381,276,77
11,109,412,323,70
12,126,372,424,99
13,114,403,403,88
14,133,403,523,131
15,188,459,588,180
16,196,491,632,161
17,199,440,721,159
18,189,398,669,148
19,121,243,556,128
20,104,165,424,89
21,80,112,269,60
22,35,68,123,33
23,23,27,87,15

Year: 2015,Month: 10,Day: 14
,EB,NB,SB,WB
0,10,12,19,8
1,7,12,30,8
2,10,14,17,13
3,2,33,16,2
4,3,144,15,5
5,19,257,41,10
6,30,553,141,38
7,98,772,282,135
8,108,575,266,102
9,113,438,256,89
10,107,388,217,91
11,146,376,288,109
12,165,387,422,124
13,143,401,374,126
14,148,414,534,131
15,186,468,694,187
16,182,462,659,186
17,203,451,719,199
18,163,459,713,152
19,137,257,513,132
20,104,157,492,99
21,74,105,272,55
22,26,72,139,40
23,23,42,84,22

Year: 2015,Month: 10,Day: 15
,EB,NB,SB,WB
0,11,9,24,5
1,6,11,25,6
2,4,10,20,6
3,4,39,15,5
4,7,145,24,9
5,13,278,48,17
6,37,530,157,39
7,82,719,257,150
8,143,620,265,90
9,82,482,268,84
10,66,383,252,63
11,104,354,327,93
12,110,405,431,107
13,125,371,423,94
14,138,428,529,143
15,163,507,659,179
16,186,465,712,171
17,211,537,690,186
18,176,440,740,158
19,135,299,582,140
20,114,186,446,89
21,89,107,289,81
22,40,62,163,38
23,29,34,90,24

Year: 2015,Month: 10,Day: 16
,EB,NB,SB,WB
0,7,8,22,11
1,9,7,35,5
2,10,15,27,5
3,5,26,23,4
4,5,117,18,1
5,10,271,51,11
6,36,464,143,48
7,87,734,236,145
8,128,559,289,112
9,96,447,270,80
10,98,411,289,58
11,112,400,361,97
12,125,422,455,93
13,146,448,471,115
14,147,452,584,140
15,180,518,584,186
16,191,487,676,214
17,214,513,724,209
18,207,488,686,153
19,141,312,570,139
20,103,192,379,123
21,69,119,399,76
22,56,101,283,59
23,42,62,131,37

Year: 2015,Month: 10,Day: 17
,EB,NB,SB,WB
0,15,18,76,12
1,12,23,44,18
2,12,14,47,4
3,4,25,20,10
4,4,35,23,8
5,11,66,25,2
6,12,130,42,12
7,29,194,80,32
8,76,298,138,50
9,112,399,222,87
10,123,511,310,110
11,157,577,420,146
12,142,596,490,146
13,145,522,564,126
14,159,507,570,133
15,154,461,586,150
16,139,498,554,157
17,144,446,573,135
18,123,389,482,150
19,105,258,349,100
20,105,161,292,79
21,76,123,243,79
22,47,112,180,47
23,40,82,142,46

Year: 2015,Month: 10,Day: 18
,EB,NB,SB,WB
0,19,22,69,21
1,27,31,65,22
2,12,20,32,10
3,5,12,15,2
4,5,31,19,2
5,3,36,20,5
6,9,66,24,6
7,29,108,65,9
8,50,217,92,42
9,57,392,163,54
10,95,474,263,77
11,116,462,358,104
12,138,475,448,157
13,136,349,482,153
14,99,320,410,106
15,91,257,367,96
16,107,319,357,110
17,127,378,450,136
18,111,321,447,132
19,88,237,298,109
20,62,140,261,69
21,44,88,198,38
22,25,63,95,24
23,12,36,65,19

Year: 2015,Month: 10,Day: 19
,EB,NB,SB,WB
0,4,10,17,5
1,5,9,24,7
2,5,22,13,8
3,2,33,20,2
4,2,125,19,8
5,14,278,34,8
6,29,447,122,30
7,60,592,218,71
8,128,619,302,116
9,147,506,275,89
10,85,394,282,87
11,109,338,355,95
12,108,373,380,98
13,124,389,410,92
14,140,476,532,130
15,153,473,619,184
16,180,467,730,169
17,199,479,691,174
18,170,390,679,144
19,114,242,496,121
20,90,144,348,101
21,62,92,251,53
22,34,66,119,25
23,17,24,60,26

Year: 2015,Month: 10,Day: 20
,EB,NB,SB,WB
0,5,12,28,5
1,9,12,28,6
2,7,16,22,7
3,4,36,15,3
4,5,133,19,3
5,15,293,44,11
6,37,527,132,41
7,82,777,247,141
8,126,573,268,110
9,109,430,274,97
10,94,342,280,74
11,129,421,383,107
12,149,483,494,158
13,144,485,400,132
14,139,459,502,143
15,167,427,547,151
16,173,458,653,175
17,215,498,692,178
18,176,412,697,160
19,122,268,493,139
20,91,153,378,94
21,75,105,262,63
22,32,71,146,43
23,24,33,82,21

Year: 2015,Month: 10,Day: 21
,EB,NB,SB,WB
0,7,9,26,9
1,12,9,34,7
2,6,10,28,7
3,7,41,17,2
4,11,143,21,4
5,17,277,56,12
6,38,517,133,43
7,100,759,268,146
8,136,572,260,93
9,94,466,253,99
10,83,346,265,90
11,122,375,439,120
12,176,458,490,152
13,135,469,420,131
14,165,370,509,144
15,156,411,630,135
16,207,489,651,162
17,220,526,686,214
18,195,433,665,177
19,128,306,603,147
20,91,164,447,111
21,79,103,282,59
22,26,59,143,32
23,21,32,96,19

Year: 2015,Month: 10,Day: 22
,EB,NB,SB,WB
0,3,11,18,8
1,10,9,33,8
2,8,15,26,5
3,7,42,11,6
4,4,151,22,1
5,11,301,54,13
6,30,516,139,30
7,71,731,241,139
8,120,614,254,96
9,76,433,218,91
10,88,386,267,73
11,83,366,331,81
12,130,456,486,119
13,131,452,444,131
14,156,451,582,152
15,181,433,661,152
16,206,448,685,168
17,261,465,714,164
18,145,326,625,166
19,101,249,410,121
20,105,159,374,62
21,79,120,277,66
22,40,75,145,37
23,24,40,110,25

Year: 2015,Month: 10,Day: 23
,EB,NB,SB,WB
0,12,14,37,15
1,9,21,39,8
2,6,17,15,6
3,6,30,14,2
4,8,121,21,3
5,19,250,42,15
6,29,485,155,60
7,98,710,232,143
8,112,574,283,97
9,105,431,242,87
10,82,388,257,74
11,134,429,412,91
12,115,435,450,93
13,139,429,444,111
14,155,448,599,132
15,215,498,671,204
16,200,513,733,221
17,215,548,688,230
18,146,467,682,157
19,123,297,528,135
20,88,169,367,87
21,87,153,319,75
22,67,111,238,67
23,41,46,145,45

Year: 2015,Month: 10,Day: 24
,EB,NB,SB,WB
0,15,29,59,17
1,21,26,57,13
2,11,14,34,7
3,2,23,25,1
4,6,31,21,6
5,11,49,27,2
6,10,113,35,11
7,32,172,76,28
8,66,308,156,59
9,88,453,214,95
10,131,598,314,116
11,152,533,424,152
12,146,558,530,137
13,181,539,532,148
14,131,473,597,128
15,192,468,616,162
16,157,488,609,155
17,160,480,558,164
18,195,439,527,140
19,134,302,392,121
20,91,164,302,91
21,62,174,253,77
22,53,115,203,54
23,46,84,148,63

Year: 2015,Month: 10,Day: 25
,EB,NB,SB,WB
0,23,33,65,22
1,16,30,65,26
2,14,25,53,10
3,9,22,27,8
4,5,19,28,4
5,8,39,17,4
6,8,55,28,8
7,19,105,40,8
8,59,208,102,23
9,65,388,160,60
10,98,456,260,80
11,105,412,305,79
12,146,476,417,157
13,157,408,498,132
14,126,459,475,110
15,123,392,484,134
16,106,363,465,141
17,123,332,441,123
18,93,274,425,102
19,71,188,260,97
20,68,141,248,72
21,47,93,159,39
22,29,56,107,21
23,10,38,59,16

Year: 2015,Month: 10,Day: 26
,EB,NB,SB,WB
0,6,10,19,4
1,7,9,13,5
2,4,18,12,3
3,4,38,6,4
4,7,134,17,3
5,10,268,40,16
6,27,432,114,27
7,42,579,197,74
8,101,615,283,145
9,120,498,288,87
10,78,410,294,83
11,103,358,313,91
12,104,402,429,97
13,116,402,426,103
14,139,448,524,129
15,187,482,630,163
16,197,437,681,180
17,221,442,755,185
18,186,358,697,149
19,120,247,471,112
20,84,154,302,71
21,64,121,267,53
22,25,72,121,25
23,19,31,76,22

Year: 2015,Month: 10,Day: 27
,EB,NB,SB,WB
0,7,11,16,4
1,10,17,24,6
2,4,18,28,6
3,0,39,13,2
4,8,145,16,2
5,13,283,46,12
6,41,499,150,40
7,93,735,287,137
8,130,567,309,98
9,93,399,285,92
10,97,423,243,80
11,104,376,339,112
12,112,421,429,110
13,105,405,407,104
14,138,455,536,162
15,194,456,625,170
16,184,448,718,152
17,232,478,734,191
18,208,438,746,175
19,124,257,547,136
20,86,183,423,92
21,64,118,264,72
22,29,76,157,27
23,21,37,83,26

Year: 2015,Month: 10,Day: 28
,EB,NB,SB,WB
0,7,12,29,3
1,8,17,30,6
2,5,16,20,6
3,4,35,17,4
4,3,143,20,2
5,20,262,50,22
6,33,528,123,40
7,71,721,269,153
8,110,575,298,103
9,109,418,277,89
10,87,369,269,81
11,90,363,328,106
12,133,407,390,99
13,113,408,411,100
14,145,426,514,133
15,186,442,623,154
16,182,439,579,154
17,208,436,563,161
18,197,409,686,172
19,120,245,566,145
20,106,178,411,93
21,62,124,254,69
22,29,71,140,34
23,31,22,107,21

Year: 2015,Month: 10,Day: 29
,EB,NB,SB,WB
0,6,13,29,4
1,11,7,30,6
2,5,17,17,6
3,5,48,12,5
4,8,152,16,4
5,11,274,55,19
6,31,502,151,42
7,84,757,255,143
8,100,562,279,95
9,105,446,222,93
10,81,404,270,63
11,107,395,353,99
12,117,420,401,94
13,126,437,468,96
14,128,425,520,144
15,168,496,637,165
16,180,494,666,198
17,184,483,659,153
18,209,412,659,138
19,109,262,526,120
20,97,149,414,77
21,59,130,298,72
22,56,79,245,43
23,29,28,89,12

Year: 2015,Month: 10,Day: 30
,EB,NB,SB,WB
0,8,11,27,9
1,8,16,32,6
2,5,17,20,5
3,1,29,16,6
4,9,108,12,7
5,18,251,50,16
6,39,478,144,39
7,85,709,248,149
8,119,561,275,101
9,101,434,254,85
10,69,421,286,77
11,129,495,400,99
12,132,474,429,105
13,138,500,513,128
14,179,485,614,157
15,193,525,659,195
16,207,423,684,207
17,213,521,725,189
18,227,518,741,169
19,122,363,630,171
20,68,235,448,144
21,69,154,403,90
22,46,122,238,74
23,45,66,143,35

Year: 2015,Month: 10,Day: 31
,EB,NB,SB,WB
0,16,18,54,19
1,19,23,52,11
2,14,19,46,11
3,4,24,26,4
4,7,30,15,5
5,10,55,23,5
6,8,108,28,8
7,35,163,89,22
8,61,280,135,47
9,94,375,185,87
10,126,501,279,121
11,124,485,393,141
12,160,551,477,139
13,123,487,517,121
14,131,473,537,126
15,148,570,514,162
16,152,492,623,177
17,159,378,663,148
18,109,299,480,127
19,106,230,279,103
20,112,235,242,80
21,85,207,253,99
22,48,136,162,52
23,47,97,124,35

Year: 2015,Month: 11,Day: 1
,EB,NB,SB,WB
0,18,35,45,21
1,35,67,118,35
2,15,23,29,10
3,6,23,22,6
4,4,25,18,7
5,1,33,17,3
6,21,71,35,8
7,35,123,44,29
8,44,225,116,39
9,85,423,165,67
10,92,507,279,98
11,120,511,363,111
12,137,435,484,190
13,129,393,500,137
14,91,266,374,91
15,89,285,374,99
16,94,263,361,76
17,149,401,417,127
18,73,241,348,89
19,85,161,272,79
20,55,122,207,53
21,39,85,136,40
22,22,66,90,36
23,10,25,52,17

Year: 2015,Month: 11,Day: 2
,EB,NB,SB,WB
0,9,8,20,2
1,5,7,21,2
2,2,19,18,5
3,2,33,11,0
4,6,140,16,5
5,18,266,37,9
6,34,468,142,31
7,67,586,229,93
8,114,600,301,130
9,124,485,315,111
10,100,435,315,90
11,89,405,364,114
12,116,404,401,99
13,125,399,467,76
14,123,387,554,144
15,201,456,649,159
16,188,431,661,167
17,224,446,661,196
18,181,358,647,121
19,111,209,505,120
20,72,155,315,90
21,64,113,240,57
22,28,56,110,29
23,20,26,68,9

Year: 2015,Month: 11,Day: 3
,EB,NB,SB,WB
0,8,14,29,5
1,9,15,23,3
2,2,18,20,5
3,6,37,17,3
4,7,139,17,5
5,18,284,50,10
6,30,529,143,46
7,106,760,275,144
8,117,576,269,87
9,93,432,261,83
10,87,405,274,76
11,106,430,345,87
12,104,408,422,110
13,100,407,436,111
14,148,422,548,153
15,170,451,650,178
16,212,456,667,187
17,220,476,693,188
18,174,371,641,126
19,99,251,542,109
20,81,159,358,108
21,71,132,262,62
22,40,70,175,45
23,24,22,97,16

Year: 2015,Month: 11,Day: 4
,EB,NB,SB,WB
0,7,10,25,6
1,4,18,29,9
2,7,12,18,4
3,7,37,19,3
4,8,135,17,4
5,13,280,41,17
6,27,552,147,40
7,94,735,272,145
8,120,585,305,99
9,96,435,263,89
10,91,370,285,75
11,80,288,229,80
13,62,231,231,55
14,151,397,522,182
15,164,447,642,168
16,212,457,686,155
17,195,469,696,166
18,155,325,665,117
19,101,215,476,106
20,84,134,333,86
21,59,111,235,39
22,23,53,107,35
23,19,21,65,16

Year: 2015,Month: 11,Day: 5
,EB,NB,SB,WB
0,5,12,24,5
1,9,10,28,3
2,4,20,14,4
3,4,46,15,2
4,4,178,21,6
5,15,304,51,12
6,47,589,169,54
7,106,706,283,156
8,132,530,273,112
9,88,422,260,83
10,83,382,247,72
11,106,360,364,97
12,127,426,436,81
13,114,437,465,97
14,170,445,568,165
15,167,501,608,178
16,187,452,615,188
17,217,431,603,143
18,175,322,629,130
19,108,216,460,104
20,70,151,334,76
21,62,108,282,71
22,38,66,160,51
23,21,32,94,16

Year: 2015,Month: 11,Day: 6
,EB,NB,SB,WB
0,8,11,36,7
1,7,18,29,9
2,5,17,22,3
3,5,30,19,3
4,5,178,28,5
5,19,260,50,15
6,40,515,170,40
7,101,698,263,157
8,125,550,262,105
9,99,434,290,76
10,82,458,317,94
11,134,492,471,133
12,167,503,541,138
13,142,508,468,140
14,159,402,569,129
15,178,458,617,164
16,197,468,685,223
17,235,456,670,167
18,169,396,623,146
19,94,231,452,107
20,87,149,342,95
21,66,160,314,63
22,48,97,224,59
23,32,66,125,35

Year: 2015,Month: 11,Day: 7
,EB,NB,SB,WB
0,16,11,55,16
1,10,25,52,7
2,12,19,36,9
3,3,24,24,4
4,8,50,25,4
5,7,69,21,5
6,19,126,42,15
7,40,243,101,24
8,99,342,168,56
9,103,490,229,108
10,106,546,323,138
11,148,543,429,155
12,174,610,489,142
13,138,543,471,133
14,138,457,523,134
15,145,471,572,145
16,141,456,603,160
17,148,410,517,117
18,114,312,417,105
19,76,230,338,76
20,71,166,327,59
21,57,123,249,66
22,57,85,209,55
23,42,63,134,26

Year: 2015,Month: 11,Day: 8
,EB,NB,SB,WB
0,10,16,60,18
1,23,26,55,11
2,8,22,34,9
3,4,15,22,5
4,4,26,17,4
5,7,45,19,1
6,8,82,24,2
7,25,123,52,22
8,49,293,123,41
9,59,406,161,53
10,92,442,242,87
11,131,420,359,104
12,151,454,444,173
13,138,440,446,126
14,111,434,474,119
15,124,414,512,144
16,117,426,487,134
17,129,345,486,134
18,104,247,388,116
19,73,154,263,97
20,68,95,228,63
21,36,91,140,46
22,22,68,96,24
23,13,34,46,20

Year: 2015,Month: 11,Day: 9
,EB,NB,SB,WB
0,6,6,16,5
1,4,11,20,9
2,3,26,16,2
3,6,49,18,1
4,9,160,18,2
5,16,291,43,13
6,41,485,153,48
7,82,591,225,83
8,111,598,298,118
9,126,472,268,109
10,76,418,316,95
11,85,369,345,85
12,109,428,400,106
13,124,419,423,92
14,143,428,532,142
15,181,439,667,194
16,177,407,691,159
17,192,438,686,156
18,149,335,665,135
19,90,210,384,102
20,84,140,265,81
21,56,101,240,59
22,32,60,97,39
23,18,23,57,15

Year: 2015,Month: 11,Day: 10
,EB,NB,SB,WB
0,3,10,23,5
1,9,14,26,5
2,4,21,20,5
3,1,44,15,4
4,5,168,16,6
5,14,281,40,18
6,43,546,169,51
7,93,746,260,142
8,126,597,269,106
9,96,438,271,81
10,102,373,311,90
11,109,430,381,108
12,99,446,453,118
13,103,388,431,105
14,154,437,546,165
15,200,434,623,188
16,193,442,670,183
17,211,419,628,178
18,164,364,682,148
19,100,187,464,121
20,84,155,348,99
21,67,112,235,77
22,45,66,134,38
23,15,29,83,24

Year: 2015,Month: 11,Day: 11
,EB,NB,SB,WB
0,9,16,33,5
1,8,17,24,7
2,9,19,22,6
3,3,41,16,3
4,8,141,21,4
5,14,246,39,9
6,28,339,104,29
7,64,406,165,45
8,93,394,196,48
9,84,423,236,67
10,110,466,324,91
11,114,477,414,83
12,146,519,476,133
13,121,461,483,116
14,156,438,540,117
15,164,458,640,151
16,191,417,691,135
17,180,431,661,151
18,124,354,580,127
19,96,180,436,108
20,82,149,332,91
21,67,97,229,62
22,39,55,141,34
23,8,32,67,14

Year: 2015,Month: 11,Day: 12
,EB,NB,SB,WB
0,11,9,20,8
1,4,21,32,7
2,5,17,18,6
3,3,45,14,1
4,6,170,24,5
5,18,274,44,17
6,46,565,156,51
7,104,783,250,190
8,205,688,307,190
9,104,492,265,106
10,84,446,316,83
11,103,401,384,111
12,121,401,408,118
13,134,430,492,89
14,163,412,546,159
15,206,464,629,179
16,173,449,667,170
17,191,424,640,164
18,168,356,636,137
19,107,209,470,104
20,83,144,380,90
21,67,86,246,54
22,36,59,122,37
23,23,29,82,27

Year: 2015,Month: 11,Day: 13
,EB,NB,SB,WB
0,13,13,24,4
1,8,16,28,14
2,8,15,25,6
3,2,37,18,4
4,6,153,24,2
5,23,265,50,15
6,35,499,159,50
7,104,692,255,159
8,123,545,295,100
9,117,406,250,78
10,75,438,296,63
11,99,440,368,78
12,123,446,449,73
13,97,393,512,87
14,159,443,648,141
15,189,462,664,220
16,190,440,692,180
17,201,420,632,145
18,129,364,621,134
19,109,220,460,113
20,77,160,349,78
21,74,116,265,66
22,52,70,189,62
23,30,59,119,42

Year: 2015,Month: 11,Day: 14
,EB,NB,SB,WB
0,16,20,49,13
1,17,23,43,17
2,8,19,30,3
3,2,29,29,3
4,6,45,22,4
5,9,77,27,5
6,18,131,38,12
7,38,185,100,21
8,77,333,176,49
9,92,462,213,82
10,115,515,325,110
11,118,587,448,128
12,144,578,468,136
13,134,497,549,131
14,137,480,596,124
15,119,424,541,110
16,124,441,558,151
17,140,423,471,140
18,114,339,417,106
19,78,233,299,98
20,81,136,265,65
21,65,121,240,56
22,46,109,208,44
23,29,75,131,38

Year: 2015,Month: 11,Day: 15
,EB,NB,SB,WB
0,19,22,57,6
1,11,37,66,18
2,10,16,25,9
3,3,15,22,5
4,4,25,17,2
5,7,34,18,6
6,10,62,31,0
7,24,103,62,19
8,66,243,104,33
9,67,383,150,60
10,79,447,248,84
11,114,443,353,92
12,144,520,414,149
13,115,441,491,138
14,135,422,493,130
15,130,374,502,134
16,128,330,498,140
17,144,316,438,159
18,73,205,308,72
19,58,138,207,78
20,52,94,191,52
21,66,149,139,58
22,39,83,134,38
23,19,43,103,16

Year: 2015,Month: 11,Day: 16
,EB,NB,SB,WB
0,6,4,19,1
1,9,17,26,4
2,2,17,11,4
3,4,36,12,6
4,8,150,17,5
5,10,258,38,15
6,27,483,132,34
7,72,566,212,86
8,103,601,299,119
9,123,501,249,108
10,94,421,293,80
11,97,354,319,91
12,102,429,394,83
13,112,408,468,96
14,128,467,570,155
15,203,423,645,161
16,171,399,679,167
17,177,426,687,151
18,140,319,615,137
19,98,201,419,93
20,79,117,303,68
21,59,108,258,53
22,44,60,110,22
23,19,18,76,12

Year: 2015,Month: 11,Day: 17
,EB,NB,SB,WB
0,5,12,33,5
1,9,13,22,6
2,1,24,17,4
3,3,37,16,4
4,9,178,22,5
5,15,275,53,10
6,32,547,144,50
7,91,772,261,159
8,138,520,287,84
9,85,438,265,92
10,93,407,254,70
11,90,374,360,81
12,122,367,351,98
13,126,348,407,97
14,122,444,463,134
15,196,434,484,210
16,217,343,442,180
17,203,285,437,136
18,139,253,368,114
19,89,168,340,102
20,72,126,323,92
21,44,87,180,62
22,29,50,115,37
23,22,23,75,22

Year: 2015,Month: 11,Day: 18
,EB,NB,SB,WB
0,3,17,32,5
1,6,17,22,5
2,6,21,10,4
3,6,46,20,4
4,10,172,23,6
5,14,281,44,11
6,39,525,156,48
7,104,740,253,166
8,116,604,250,106
9,98,422,250,79
10,106,402,311,87
11,133,421,384,104
12,118,453,417,119
13,99,414,480,116
14,156,445,589,172
15,203,490,621,197
16,189,468,682,168
17,191,453,688,154
18,155,349,609,156
19,83,231,504,98
20,97,164,404,86
21,64,94,257,65
22,36,71,134,29
23,16,22,70,16

Year: 2015,Month: 11,Day: 19
,EB,NB,SB,WB
0,13,15,34,8
1,7,21,33,8
2,3,24,20,5
3,6,37,12,2
4,6,163,17,7
5,21,284,52,16
6,44,541,170,50
7,103,730,250,149
8,130,551,293,107
9,122,434,254,84
10,78,399,276,89
11,101,445,371,96
12,117,416,423,98
13,99,431,466,115
14,155,436,526,147
15,154,419,637,170
16,182,467,651,182
17,213,441,656,163
18,155,341,628,137
19,103,221,514,128
20,92,140,364,87
21,60,106,266,60
22,34,60,161,45
23,15,38,101,25

Year: 2015,Month: 11,Day: 20
,EB,NB,SB,WB
0,8,17,37,4
1,12,14,32,7
2,2,11,23,6
3,2,38,15,3
4,6,147,22,3
5,21,262,50,15
6,41,491,153,46
7,94,732,256,141
8,104,582,308,91
9,100,393,265,85
10,94,482,312,64
11,118,410,397,97
12,165,466,480,139
13,123,483,532,135
14,172,432,636,168
15,176,485,681,189
16,214,495,690,192
17,215,489,698,189
18,157,371,664,151
19,109,275,554,139
20,86,181,361,77
21,61,135,279,70
22,56,100,241,64
23,37,51,146,38

Year: 2015,Month: 11,Day: 21
,EB,NB,SB,WB
0,12,14,51,16
1,11,16,47,15
2,14,21,35,9
3,10,33,24,9
4,8,42,19,2
5,11,62,32,4
6,9,137,37,11
7,42,211,85,25
8,75,309,166,62
9,100,464,240,105
10,131,567,340,123
11,152,572,464,127
12,148,574,494,148
13,150,542,553,156
14,158,528,578,138
15,145,476,544,139
16,158,486,617,149
17,164,449,627,130
18,134,368,504,114
19,95,245,344,107
20,85,180,298,85
21,74,127,247,62
22,50,94,184,52
23,33,67,157,40

Year: 2015,Month: 11,Day: 22
,EB,NB,SB,WB
0,19,19,47,13
1,20,17,64,14
2,7,24,37,8
3,6,20,24,3
4,2,29,15,1
5,7,47,19,5
6,12,71,37,9
7,23,113,61,10
8,57,242,122,37
9,62,431,161,77
10,105,502,270,85
11,102,482,359,101
12,164,458,484,176
13,150,410,492,133
14,126,321,439,126
15,121,314,414,139
16,95,355,414,119
17,145,365,450,140
18,100,261,417,92
19,85,174,309,68
20,61,141,229,74
21,46,109,148,32
22,20,57,90,26
23,17,29,44,16

Year: 2015,Month: 11,Day: 23
,EB,NB,SB,WB
0,10,9,18,4
1,6,15,25,4
2,5,19,12,2
3,6,41,15,4
4,7,153,22,5
5,11,269,47,12
6,35,483,144,35
7,76,567,187,82
8,87,612,301,125
9,133,639,288,115
10,100,471,311,70
11,98,436,391,95
12,127,458,448,112
13,115,441,499,101
14,140,464,604,151
15,197,499,611,177
16,161,440,679,176
17,180,415,674,196
18,164,318,622,123
19,125,245,496,114
20,90,107,341,88
21,54,85,244,54
22,36,53,128,26
23,24,32,79,20

Year: 2015,Month: 11,Day: 24
,EB,NB,SB,WB
0,3,7,32,4
1,12,22,22,3
2,4,17,20,4
3,3,40,15,3
4,6,162,15,2
5,13,300,46,14
6,36,518,150,48
7,102,733,282,168
8,124,583,311,99
9,94,484,257,85
10,100,438,292,92
11,94,424,407,96
12,139,442,465,130
13,128,426,466,102
14,166,467,547,177
15,180,488,640,191
16,208,450,676,151
17,217,422,709,175
18,175,384,630,134
19,110,255,531,124
20,108,160,380,120
21,54,123,250,78
22,32,64,137,45
23,26,35,113,19

Year: 2015,Month: 11,Day: 25
,EB,NB,SB,WB
0,7,12,27,7
1,10,22,35,3
2,11,18,27,6
3,3,49,19,3
4,10,130,24,4
5,21,275,46,7
6,38,470,144,49
7,87,667,240,148
8,113,525,287,111
9,87,488,278,88
10,95,500,362,96
11,148,478,469,129
12,172,590,603,177
13,174,546,595,169
14,156,459,684,165
15,161,440,734,181
16,176,447,723,184
17,181,436,693,174
18,143,367,605,153
19,101,255,415,124
20,85,198,317,95
21,53,150,268,81
22,50,95,168,44
23,34,54,123,31

Year: 2015,Month: 11,Day: 26
,EB,NB,SB,WB
0,17,20,54,15
1,12,23,40,13
2,6,13,31,10
3,4,18,20,3
4,5,23,16,2
5,5,44,22,3
6,3,43,31,13
7,19,89,43,13
8,35,122,93,44
9,64,186,150,59
10,76,248,194,88
11,90,240,294,109
12,126,327,327,106
13,158,331,361,131
14,147,286,367,130
15,121,236,290,90
16,79,226,228,91
17,97,323,260,67
18,99,337,260,79
19,102,362,302,75
20,105,320,307,85
21,87,254,266,66
22,59,149,174,36
23,29,82,157,40

Year: 2015,Month: 11,Day: 27
,EB,NB,SB,WB
0,11,39,65,13
1,9,22,51,11
2,6,21,41,7
3,5,29,28,4
4,11,71,35,4
5,12,104,42,8
6,21,190,83,23
7,42,214,105,33
8,65,302,177,51
9,83,372,243,58
10,94,499,346,94
11,115,525,407,122
12,143,523,482,123
13,121,477,467,113
14,125,424,513,128
15,115,439,532,133
16,128,429,545,130
17,117,395,473,120
18,106,350,439,116
19,104,248,366,84
20,57,163,306,79
21,62,119,217,55
22,50,101,159,50
23,51,78,125,64

Year: 2015,Month: 11,Day: 28
,EB,NB,SB,WB
0,14,22,25,11
1,17,18,49,15
2,5,15,39,2
3,4,24,19,6
4,7,31,22,4
5,9,42,22,3
6,15,101,45,10
7,23,167,84,13
8,58,253,128,41
9,76,370,195,67
10,90,505,284,77
11,106,527,400,115
12,128,551,443,123
13,122,516,467,110
14,144,460,493,116
15,127,475,560,143
16,157,435,515,129
17,129,392,454,117
18,110,309,400,102
19,68,249,353,82
20,89,152,272,82
21,55,146,196,62
22,49,84,158,40
23,25,54,128,33

Year: 2015,Month: 11,Day: 29
,EB,NB,SB,WB
0,15,26,47,12
1,11,21,37,14
2,7,20,40,6
3,3,18,20,3
4,4,16,18,5
5,3,44,11,3
6,11,55,26,7
7,26,91,48,10
8,51,244,109,29
9,52,424,148,65
10,91,458,247,71
11,99,406,328,79
12,134,424,439,174
13,195,609,616,171
14,116,363,435,139
15,96,273,373,116
16,85,260,349,92
17,102,363,377,120
18,102,267,355,106
19,67,155,253,65
20,54,89,229,66
21,38,87,96,35
22,31,57,82,15
23,14,31,52,14

Year: 2015,Month: 11,Day: 30
,EB,NB,SB,WB
0,6,7,17,4
1,2,17,13,5
2,2,19,16,5
3,6,31,13,3
4,10,145,20,5
5,14,301,45,16
6,39,447,132,29
7,61,556,185,78
8,103,622,320,112
9,118,498,246,107
10,80,399,295,80
11,100,411,371,88
12,126,423,483,121
13,103,492,485,112
14,137,466,607,163
15,181,485,637,176
16,181,459,691,178
17,182,429,656,171
18,137,302,636,134
19,115,212,485,102
20,89,124,290,83
21,67,98,247,50
22,28,75,118,27
23,20,37,72,11

Year: 2015,Month: 12,Day: 1
,EB,NB,SB,WB
0,4,7,28,7
1,8,10,30,8
2,6,13,12,3
3,2,45,17,6
4,6,176,17,6
5,19,298,38,15
6,49,519,157,44
7,86,732,240,150
8,123,535,278,100
9,114,439,312,95
10,91,389,296,79
11,89,428,354,114
12,141,473,484,118
13,133,449,483,103
14,170,456,631,166
15,184,459,642,181
16,207,465,730,212
17,193,410,711,175
18,155,303,631,133
19,108,264,531,116
20,100,150,362,93
21,70,106,296,74
22,34,64,127,41
23,18,36,73,20

Year: 2015,Month: 12,Day: 2
,EB,NB,SB,WB
0,5,12,26,7
1,6,12,24,9
2,4,19,17,5
3,6,34,17,0
4,3,155,13,9
5,16,313,45,12
6,35,499,166,52
7,90,715,243,159
8,119,572,279,102
9,114,457,238,84
10,105,401,280,74
11,89,427,363,91
12,139,428,464,104
13,103,415,459,114
14,140,433,548,170
15,181,493,667,171
16,191,433,678,179
17,186,417,664,156
18,175,430,602,135
19,111,239,394,127
20,97,160,458,131
21,73,105,272,78
22,34,59,148,37
23,22,33,89,21

Year: 2015,Month: 12,Day: 3
,EB,NB,SB,WB
0,8,6,30,6
1,8,15,42,9
2,5,18,15,7
3,4,53,15,5
4,10,168,21,13
5,18,299,51,17
6,45,519,159,49
7,92,731,239,156
8,118,583,286,114
9,93,463,254,66
10,67,454,277,87
11,103,409,358,99
12,136,417,415,127
13,118,412,501,109
14,171,446,579,205
15,170,534,698,170
16,207,447,681,176
17,201,465,636,174
18,173,340,624,151
19,114,211,462,99
20,99,130,394,87
21,77,121,273,72
22,50,77,170,35
23,12,33,111,24

Year: 2015,Month: 12,Day: 4
,EB,NB,SB,WB
0,13,16,27,7
1,10,14,27,6
2,5,14,23,10
3,3,40,19,4
4,5,154,20,5
5,19,279,43,13
6,32,491,148,46
7,109,715,235,152
8,114,565,270,132
9,86,419,262,86
10,107,491,299,90
11,128,480,368,120
12,129,485,496,126
13,146,434,531,119
14,160,507,660,190
15,193,532,742,206
16,209,515,655,174
17,222,500,674,167
18,165,391,609,169
19,129,293,526,109
20,95,192,345,116
21,105,147,369,88
22,50,114,268,72
23,42,68,187,36

Year: 2015,Month: 12,Day: 5
,EB,NB,SB,WB
0,16,18,60,18
1,16,29,57,12
2,13,21,45,6
3,7,22,18,6
4,4,44,18,5
5,11,69,26,1
6,17,145,55,15
7,44,198,112,23
8,78,370,153,63
9,73,470,245,83
10,116,592,353,126
11,143,588,443,149
12,166,565,505,129
13,165,558,537,131
14,152,475,549,131
15,145,545,588,167
16,143,553,586,140
17,136,470,539,134
18,116,434,562,150
19,100,242,394,97
20,82,179,300,79
21,70,147,366,84
22,53,95,261,54
23,40,58,167,28

Year: 2015,Month: 12,Day: 6
,EB,NB,SB,WB
0,18,18,43,16
1,20,17,46,15
2,8,21,43,11
3,6,24,20,6
4,5,22,14,6
5,7,48,15,2
6,6,73,25,8
7,25,128,74,16
8,53,234,115,31
9,65,524,174,90
10,90,456,298,97
11,90,379,301,89
12,143,365,519,147
13,157,536,406,127
14,145,486,519,145
15,135,386,539,141
16,127,372,480,125
17,124,358,478,104
18,93,248,356,94
19,81,179,317,74
20,69,125,268,68
21,48,114,153,35
22,29,57,114,20
23,15,33,68,13

Year: 2015,Month: 12,Day: 7
,EB,NB,SB,WB
0,7,11,10,5
1,4,17,20,3
2,2,11,13,3
3,6,40,10,7
4,5,168,21,2
5,17,287,39,17
6,27,456,119,39
7,68,553,197,81
8,96,584,305,131
9,131,528,272,99
10,100,432,312,83
11,107,440,385,91
12,119,428,429,104
13,112,418,491,97
14,136,479,575,157
15,158,457,650,175
16,201,410,649,177
17,214,403,678,166
18,169,380,591,140
19,99,223,476,131
20,93,134,310,88
21,72,136,260,70
22,30,64,124,31
23,13,31,86,10

Year: 2015,Month: 12,Day: 8
,EB,NB,SB,WB
0,6,13,30,7
1,6,14,24,5
2,6,24,20,5
3,4,39,23,3
4,5,173,13,4
5,13,283,44,14
6,34,509,136,60
7,93,715,240,165
8,115,602,297,106
9,85,405,244,83
10,99,402,304,64
11,118,421,355,114
12,92,431,418,82
13,94,394,431,86
14,155,419,578,126
15,150,439,577,172
16,201,371,633,173
17,178,356,616,161
18,187,377,600,130
19,98,240,486,106
20,91,129,362,117
21,77,123,236,56
22,31,69,145,44
23,23,35,99,19

Year: 2015,Month: 12,Day: 9
,EB,NB,SB,WB
0,12,12,33,2
1,8,13,28,9
2,8,15,14,4
3,3,38,11,5
4,6,166,26,8
5,16,309,42,12
6,33,517,130,38
7,81,754,234,169
8,129,612,293,110
9,93,587,270,88
10,83,446,305,90
11,144,490,430,92
12,133,505,473,115
13,134,451,512,117
14,174,468,600,166
15,194,505,679,210
16,197,452,716,198
17,178,426,711,154
18,159,341,655,159
19,120,266,496,119
20,94,146,384,94
21,78,118,295,59
22,32,69,161,44
23,25,30,108,26

Year: 2015,Month: 12,Day: 10
,EB,NB,SB,WB
0,6,13,26,7
1,12,17,28,7
2,8,19,23,10
3,3,37,13,5
4,6,180,23,7
5,15,284,43,16
6,39,545,137,52
7,75,706,255,160
8,122,577,275,118
9,99,457,272,66
10,81,449,276,78
11,86,436,377,95
12,113,414,429,96
13,110,376,531,92
14,140,479,566,147
15,194,445,617,173
16,235,427,673,169
17,174,442,682,145
18,169,377,659,141
19,102,234,510,115
20,91,174,377,101
21,73,118,285,74
22,56,87,198,43
23,22,41,107,26

Year: 2015,Month: 12,Day: 11
,EB,NB,SB,WB
0,3,15,37,11
1,12,15,37,7
2,7,14,20,11
3,6,44,19,5
4,6,144,20,7
5,12,269,47,21
6,40,473,155,40
7,92,655,280,151
8,110,602,277,93
9,94,415,262,87
10,91,454,313,87
11,96,448,415,103
12,140,524,489,93
13,139,487,537,101
14,185,506,606,166
15,199,494,722,213
16,186,472,726,207
17,226,462,735,178
18,167,437,676,184
19,123,305,528,125
20,84,182,412,78
21,63,169,327,81
22,48,108,273,57
23,41,54,185,42

Year: 2015,Month: 12,Day: 12
,EB,NB,SB,WB
0,13,21,51,18
1,13,19,56,16
2,12,19,42,6
3,11,24,24,7
4,8,53,22,7
5,6,59,15,3
6,20,122,50,15
7,34,218,109,20
8,65,318,161,60
9,83,503,213,83
10,110,609,366,90
11,114,607,488,130
12,140,618,521,122
13,129,561,565,144
14,142,581,635,162
15,120,452,680,156
16,148,482,582,136
17,121,470,569,147
18,127,400,462,97
19,86,236,366,98
20,76,199,341,80
21,72,143,266,62
22,61,135,240,78
23,61,78,192,53

Year: 2015,Month: 12,Day: 13
,EB,NB,SB,WB
0,24,34,65,23
1,20,33,71,14
2,9,19,47,15
3,1,25,32,11
4,8,26,13,5
5,10,36,23,3
6,9,67,24,8
7,21,107,63,13
8,66,233,124,31
9,65,426,177,68
10,84,423,286,96
11,90,361,300,93
12,114,339,378,121
13,138,483,416,140
14,122,483,504,135
15,150,508,567,118
16,145,425,559,147
17,148,383,473,121
18,103,326,398,108
19,91,199,335,101
20,77,142,314,95
21,48,135,180,49
22,33,71,117,28
23,15,38,74,22

Year: 2015,Month: 12,Day: 14
,EB,NB,SB,WB
0,6,15,30,11
1,4,14,26,8
2,2,19,17,2
3,4,35,16,1
4,6,168,20,6
5,12,283,44,14
6,38,458,121,43
7,72,552,203,98
8,114,590,290,132
9,127,515,280,114
10,113,473,310,95
11,97,426,361,92
12,128,462,466,101
13,127,476,457,132
14,133,479,643,161
15,214,520,672,198
16,194,475,737,198
17,216,394,776,187
18,153,368,665,153
19,106,213,514,116
20,103,152,341,96
21,56,99,245,54
22,28,62,143,31
23,18,35,86,11

Year: 2015,Month: 12,Day: 15
,EB,NB,SB,WB
0,4,12,35,10
1,6,18,34,6
2,5,23,19,4
3,3,37,12,3
4,6,171,19,5
5,14,308,56,15
6,37,496,128,43
7,80,770,263,147
8,110,605,306,96
9,126,467,278,86
10,92,427,337,77
11,105,447,360,96
12,129,439,448,93
13,131,435,528,98
14,151,468,597,155
15,181,467,734,165
16,207,508,703,191
17,187,436,713,179
18,162,356,628,165
19,126,275,561,133
20,87,167,424,93
21,84,129,313,68
22,39,77,181,39
23,25,43,98,20

Year: 2015,Month: 12,Day: 16
,EB,NB,SB,WB
0,10,5,37,7
1,11,17,38,13
2,7,22,24,5
3,4,49,20,2
4,9,151,22,5
5,15,293,45,14
6,35,522,137,40
7,88,708,265,145
8,125,558,299,104
9,92,443,262,88
10,99,438,280,72
11,105,448,396,101
12,133,513,467,104
13,115,464,549,138
14,157,505,594,152
15,204,497,699,167
16,179,502,701,213
17,246,507,700,173
18,170,397,679,167
19,123,239,580,118
20,97,159,408,103
21,68,143,304,70
22,41,68,180,42
23,18,31,114,18

Year: 2015,Month: 12,Day: 17
,EB,NB,SB,WB
0,7,15,36,8
1,12,17,32,7
2,5,14,29,6
3,5,45,18,1
4,6,166,16,5
5,18,284,37,16
6,35,511,126,52
7,88,704,263,144
8,118,618,300,98
9,83,489,276,73
10,92,479,306,88
11,105,443,413,92
12,95,491,479,109
13,109,461,453,125
14,153,498,596,136
15,165,488,707,168
16,197,458,689,192
17,166,442,562,177
18,153,357,603,153
19,107,231,549,108
20,94,161,416,102
21,79,149,330,67
22,52,99,188,40
23,33,42,139,26

Year: 2015,Month: 12,Day: 18
,EB,NB,SB,WB
0,10,16,44,16
1,10,14,44,8
2,7,16,40,11
3,10,40,29,4
4,7,139,19,6
5,17,276,44,15
6,27,458,144,36
7,93,691,235,157
8,114,618,302,96
9,87,450,259,81
10,91,505,331,84
11,100,562,433,93
12,128,489,500,113
13,135,477,594,125
14,170,519,634,177
15,182,459,669,224
16,204,496,714,201
17,219,541,695,215
18,185,453,705,155
19,124,345,524,145
20,96,231,405,103
21,78,168,337,120
22,66,103,280,59
23,45,78,208,44

Year: 2015,Month: 12,Day: 19
,EB,NB,SB,WB
0,17,22,76,20
1,15,25,61,22
2,12,26,38,16
3,10,27,30,4
4,4,44,16,6
5,11,54,25,3
6,13,117,59,14
7,37,177,93,18
8,67,341,148,53
9,98,492,234,93
10,139,591,369,104
11,171,701,505,116
12,147,664,562,165
13,146,583,626,163
14,144,540,652,179
15,142,516,713,177
16,150,537,703,195
17,171,481,678,189
18,127,404,521,144
19,88,288,399,124
20,94,204,336,101
21,71,155,314,95
22,61,114,265,65
23,53,96,183,52

Year: 2015,Month: 12,Day: 20
,EB,NB,SB,WB
0,16,28,84,16
1,16,30,62,18
2,11,30,43,10
3,7,27,29,7
4,9,32,13,3
5,12,43,18,4
6,9,65,40,5
7,22,136,51,18
8,61,257,111,37
9,71,440,201,46
10,117,557,296,103
11,136,501,397,123
12,160,485,531,190
13,135,428,527,158
14,109,372,399,113
15,91,325,422,103
16,133,439,415,141
17,124,421,534,122
18,115,326,453,121
19,78,191,355,87
20,76,152,253,61
21,54,99,193,52
22,33,93,155,25
23,21,52,109,25

Year: 2015,Month: 12,Day: 21
,EB,NB,SB,WB
0,5,21,34,8
1,3,22,30,10
2,7,31,20,5
3,8,42,14,5
4,10,138,23,4
5,13,265,42,18
6,24,384,86,26
7,51,499,166,55
8,77,408,206,54
9,97,454,242,65
10,97,517,319,68
11,96,550,405,95
12,127,556,478,108
13,146,534,597,117
14,126,467,656,137
15,142,447,657,143
16,160,423,715,154
17,185,383,728,162
18,130,312,642,136
19,104,273,527,114
20,86,157,398,105
21,55,123,270,62
22,34,82,159,35
23,21,59,126,21

Year: 2015,Month: 12,Day: 22
,EB,NB,SB,WB
0,11,31,42,13
1,10,23,40,11
2,5,21,16,9
3,2,35,20,2
4,6,151,21,5
5,13,255,40,17
6,23,415,84,27
7,58,489,161,51
8,63,426,225,43
9,71,454,225,70
10,120,514,345,91
11,128,588,477,94
12,150,583,540,114
13,136,595,565,139
14,168,494,617,129
15,148,457,668,156
16,198,436,770,194
17,172,464,720,154
18,141,410,688,145
19,124,279,564,117
20,109,217,458,102
21,61,130,314,100
22,49,103,203,66
23,40,47,146,38

Year: 2015,Month: 12,Day: 23
,EB,NB,SB,WB
0,11,12,48,19
1,10,21,43,14
2,8,16,22,10
3,6,42,26,2
4,6,137,33,6
5,19,242,36,15
6,21,378,97,38
7,54,420,153,62
8,95,411,209,59
9,83,490,253,82
10,112,587,302,95
11,115,583,462,96
12,145,600,508,140
13,142,576,541,150
14,174,494,569,153
15,199,451,714,157
16,201,453,702,177
17,176,426,763,171
18,155,343,695,177
19,144,294,466,108
20,92,225,427,109
21,77,175,324,76
22,60,126,240,53
23,40,52,175,42

Year: 2015,Month: 12,Day: 24
,EB,NB,SB,WB
0,11,20,56,23
1,15,24,62,11
2,8,21,36,12
3,7,34,22,4
4,2,66,20,4
5,15,131,28,12
6,23,237,69,21
7,33,293,114,32
8,66,315,172,37
9,119,420,272,67
10,123,517,363,121
11,153,538,497,132
12,176,546,618,187
13,171,520,781,187
14,157,497,747,209
15,197,492,703,210
16,195,483,630,162
17,119,348,503,168
18,121,326,398,140
19,93,238,310,94
20,114,250,260,99
21,90,242,297,86
22,79,154,248,69
23,59,92,140,30

Year: 2015,Month: 12,Day: 25
,EB,NB,SB,WB
0,16,29,35,15
1,15,25,48,11
2,6,19,30,7
3,4,13,11,1
4,6,16,24,8
5,5,18,17,2
6,8,27,26,9
7,10,41,51,21
8,48,99,83,36
9,49,155,126,59
10,83,206,201,80
11,90,231,223,92
12,115,309,263,97
13,110,314,316,84
14,123,271,302,110
15,105,272,275,116
16,90,239,253,77
17,85,253,220,87
18,73,237,205,69
19,114,224,208,90
20,71,225,231,71
21,71,183,201,56
22,51,127,123,45
23,30,73,91,25

Year: 2015,Month: 12,Day: 26
,EB,NB,SB,WB
0,11,20,39,20
1,14,20,38,11
2,6,11,20,3
3,5,18,21,2
4,5,23,14,1
5,8,48,14,5
6,11,95,33,3
7,26,140,74,19
8,48,196,122,42
9,77,342,166,70
10,105,436,260,80
11,115,489,350,110
12,117,523,395,97
13,125,489,450,102
14,111,473,561,141
15,131,492,545,129
16,144,404,520,126
17,116,384,486,138
18,63,287,401,96
19,75,216,321,91
20,55,160,241,58
21,60,142,251,63
22,46,102,156,45
23,31,59,115,36

Year: 2015,Month: 12,Day: 27
,EB,NB,SB,WB
0,10,30,50,19
1,15,28,71,11
2,11,17,40,11
3,5,16,21,7
4,6,28,23,2
5,4,38,9,5
6,11,60,33,5
7,16,75,52,9
8,47,211,78,27
9,59,404,139,57
10,80,449,241,71
11,93,411,308,85
12,146,406,413,129
13,106,381,453,126
14,76,293,340,70
15,96,254,321,88
16,90,282,328,98
17,120,385,438,119
18,88,226,369,102
19,87,233,246,86
20,79,198,242,63
21,57,99,150,60
22,34,75,109,30
23,24,36,96,19

Year: 2015,Month: 12,Day: 28
,EB,NB,SB,WB
0,14,22,24,8
1,9,17,18,8
2,8,27,19,5
3,8,32,16,7
4,6,106,18,0
5,11,215,37,10
6,19,350,82,25
7,58,413,151,51
8,58,369,185,39
9,91,370,213,74
10,87,420,252,69
11,102,435,333,98
12,122,498,415,115
13,121,477,490,125
14,131,453,532,123
15,162,420,627,145
16,170,395,737,179
17,172,389,752,158
18,140,322,578,125
19,80,227,357,91
20,70,127,272,77
21,58,114,262,54
22,41,83,143,39
23,32,39,91,21

Year: 2015,Month: 12,Day: 29
,EB,NB,SB,WB
0,11,15,34,9
1,14,19,33,9
2,5,20,23,7
3,3,36,22,2
4,6,107,18,4
5,10,229,45,13
6,20,367,79,24
7,51,437,132,49
8,61,395,209,45
9,90,372,219,69
10,95,455,271,75
11,114,455,357,97
12,139,452,418,102
13,145,481,463,105
14,133,458,554,129
15,157,451,594,145
16,180,411,708,161
17,192,411,650,150
18,127,334,623,138
19,93,231,433,114
20,85,170,326,73
21,55,121,246,70
22,39,68,152,39
23,19,41,101,33

Year: 2015,Month: 12,Day: 30
,EB,NB,SB,WB
0,12,20,31,10
1,13,19,34,12
2,10,23,26,7
3,6,33,19,4
4,5,99,21,2
5,15,211,37,10
6,16,387,82,25
7,67,447,145,59
8,60,405,208,47
9,65,430,207,66
10,99,412,272,75
11,116,508,392,97
12,118,482,408,91
13,147,527,486,115
14,138,457,561,122
15,156,439,584,156
16,180,429,642,186
17,179,439,715,176
18,157,373,665,146
19,104,237,476,113
20,77,143,329,79
21,58,137,303,61
22,36,72,174,41
23,34,48,92,30

Year: 2015,Month: 12,Day: 31
,EB,NB,SB,WB
0,10,23,30,16
1,14,20,42,13
2,4,15,23,9
3,8,37,26,5
4,8,87,14,4
5,10,185,37,8
6,16,292,58,12
7,47,351,120,48
8,54,303,173,33
9,74,379,235,46
10,83,472,269,87
11,120,521,371,114
12,155,576,545,121
13,160,551,603,161
14,160,523,744,203
15,178,482,759,168
16,170,493,749,224
17,187,383,666,220
18,137,386,477,155
19,114,270,370,133
20,83,197,258,71
21,68,175,224,77
22,44,95,153,51
23,32,69,104,29

Year: 2016,Month: 1,Day: 1
,EB,NB,SB,WB
0,57,94,125,44
1,42,84,152,45
2,44,45,94,22
3,15,28,50,7
4,11,26,31,6
5,7,31,25,7
6,15,55,28,12
7,10,58,33,8
8,26,96,85,19
9,38,192,117,31
10,45,249,162,59
11,82,297,218,73
12,89,364,272,97
13,83,372,322,79
14,91,349,377,111
15,99,356,374,119
16,104,329,402,140
17,92,287,378,101
18,84,269,356,99
19,76,179,282,69
20,62,141,228,70
21,42,117,152,51
22,26,76,120,42
23,27,63,103,29

Year: 2016,Month: 1,Day: 2
,EB,NB,SB,WB
0,19,27,30,18
1,7,14,34,9
2,7,4,33,6
3,2,26,17,4
4,5,33,19,4
5,8,34,15,2
6,8,107,24,5
7,20,137,78,13
8,45,210,144,35
9,60,329,156,36
10,85,435,271,75
11,122,501,371,105
12,113,534,444,110
13,137,527,484,115
14,124,504,519,136
15,140,505,621,138
16,151,488,562,137
17,119,451,537,104
18,93,315,444,131
19,77,226,339,79
20,73,169,265,59
21,47,131,227,48
22,41,101,197,53
23,26,47,105,33

Year: 2016,Month: 1,Day: 3
,EB,NB,SB,WB
0,18,20,40,15
1,18,28,48,17
2,18,25,41,10
3,5,16,22,7
4,6,20,14,6
5,7,37,18,1
6,4,51,25,5
7,26,97,57,13
8,44,161,100,26
9,57,318,153,29
10,81,420,220,80
11,99,521,323,98
12,128,430,396,144
13,115,281,481,147
14,83,235,352,83
15,94,218,300,128
16,87,293,282,103
17,90,312,353,121
18,69,186,271,93
19,57,132,223,61
20,48,84,162,51
21,45,74,122,25
22,26,38,86,27
23,15,29,49,17

Year: 2016,Month: 1,Day: 4
,EB,NB,SB,WB
0,4,7,20,6
1,4,15,25,5
2,4,20,18,8
3,3,30,6,5
4,9,136,13,7
5,14,247,39,14
6,22,384,101,33
7,59,483,168,56
8,78,443,251,60
9,94,538,265,107
10,100,525,318,106
11,89,392,332,105
12,114,388,416,81
13,112,383,441,89
14,150,479,600,142
15,186,489,665,159
16,199,406,684,196
17,164,400,695,179
18,172,293,559,128
19,88,241,421,108
20,69,128,329,73
21,65,97,227,46
22,28,67,123,34
23,16,36,81,14

Year: 2016,Month: 1,Day: 5
,EB,NB,SB,WB
0,9,17,32,7
1,7,13,39,8
2,3,18,18,9
3,3,29,12,4
4,6,154,21,7
5,15,294,53,12
6,25,514,147,46
7,96,740,236,143
8,119,599,291,110
9,103,455,243,82
10,88,403,260,60
11,105,394,340,86
12,121,404,414,92
13,105,411,453,103
14,145,491,552,165
15,187,495,661,180
16,175,470,641,180
17,178,404,677,170
18,175,332,660,138
19,119,211,466,143
20,83,152,361,71
21,77,106,243,63
22,40,68,151,44
23,18,38,93,24

Year: 2016,Month: 1,Day: 6
,EB,NB,SB,WB
0,4,11,29,9
1,12,17,23,3
2,4,17,16,7
3,4,36,21,2
4,7,147,23,6
5,15,256,46,10
6,34,478,159,45
7,75,773,227,151
8,124,647,270,112
9,100,441,250,97
10,87,410,271,80
11,86,367,345,89
12,125,428,428,101
13,114,421,429,112
14,147,408,530,166
15,188,462,633,188
16,202,428,679,177
17,200,435,667,167
18,165,401,621,172
19,108,222,539,113
20,87,146,404,86
21,50,105,258,58
22,41,57,142,37
23,23,35,94,15

Year: 2016,Month: 1,Day: 7
,EB,NB,SB,WB
0,9,11,30,9
1,7,15,31,11
2,1,17,23,7
3,3,40,15,4
4,12,170,19,8
5,16,281,52,16
6,28,518,151,47
7,87,740,257,146
8,111,601,275,83
9,83,422,285,79
10,92,407,268,67
11,78,387,342,74
12,104,447,449,105
13,109,405,453,95
14,162,460,576,145
15,190,440,676,167
16,193,497,656,224
17,194,425,647,178
18,170,341,627,165
19,122,220,495,125
20,89,153,349,90
21,79,111,282,71
22,43,56,156,34
23,23,40,123,18

Year: 2016,Month: 1,Day: 8
,EB,NB,SB,WB
0,12,14,30,13
1,5,16,40,6
2,3,16,16,7
3,5,40,23,4
4,7,143,17,6
5,12,281,49,11
6,24,465,143,51
7,87,730,252,155
8,118,604,290,101
9,87,443,279,84
10,80,428,285,63
11,111,439,391,75
12,119,423,432,84
13,118,479,507,104
14,151,494,562,155
15,212,441,658,218
16,188,459,703,235
17,192,467,679,162
18,168,355,611,145
19,125,258,531,109
20,94,185,323,89
21,88,173,253,87
22,52,106,197,61
23,41,64,161,41

Year: 2016,Month: 1,Day: 9
,EB,NB,SB,WB
0,12,23,53,22
1,16,16,60,10
2,12,15,37,7
3,5,26,30,5
4,6,49,19,10
5,9,65,23,6
6,11,124,42,12
7,31,183,83,22
8,68,260,161,47
9,68,435,209,56
10,117,574,292,103
11,138,559,458,133
12,137,570,505,128
13,131,573,556,160
14,119,477,620,136
15,147,480,592,173
16,155,483,622,133
17,131,457,584,135
18,100,337,453,132
19,74,225,353,86
20,69,186,269,75
21,79,135,242,75
22,51,104,199,47
23,29,65,124,37

Year: 2016,Month: 1,Day: 10
,EB,NB,SB,WB
0,20,25,51,14
1,7,26,46,3
2,11,11,40,6
3,10,22,32,6
4,3,26,23,5
5,2,38,15,5
6,12,76,30,11
7,25,105,57,10
8,52,220,121,41
9,66,410,207,66
10,86,398,270,111
11,94,308,245,72
12,74,287,291,75
13,120,425,324,118
14,134,436,422,134
15,149,415,504,174
16,106,364,476,116
17,121,329,453,115
18,112,271,374,100
19,63,191,248,89
20,67,137,227,61
21,38,98,141,32
22,29,52,82,32
23,15,32,56,19

Year: 2016,Month: 1,Day: 11
,EB,NB,SB,WB
0,3,10,10,3
1,5,13,16,6
2,0,21,19,4
3,2,31,12,2
4,4,135,16,7
5,11,278,51,13
6,21,462,129,29
7,64,578,207,87
8,101,602,275,109
9,119,528,287,90
10,87,375,297,88
11,103,368,330,71
12,111,411,400,100
13,102,440,458,94
14,156,417,537,140
15,178,481,650,176
16,176,440,681,159
17,214,429,679,185
18,188,337,626,138
19,113,218,463,136
20,77,136,274,78
21,65,115,238,51
22,27,75,123,27
23,25,30,73,15

Year: 2016,Month: 1,Day: 12
,EB,NB,SB,WB
0,7,12,28,6
1,11,17,35,9
2,3,20,29,5
3,3,35,13,3
4,9,171,18,9
5,15,267,49,11
6,26,537,149,47
7,87,756,252,152
8,108,575,309,103
9,107,419,262,74
10,84,400,259,83
11,82,385,359,100
12,106,392,430,88
13,91,388,461,86
14,136,455,510,139
15,163,434,665,170
16,202,463,633,178
17,172,423,667,164
18,171,318,593,148
19,123,260,485,148
20,86,144,366,96
21,56,95,272,53
22,31,59,125,31
23,20,37,83,25

Year: 2016,Month: 1,Day: 13
,EB,NB,SB,WB
0,11,12,33,5
1,9,13,27,7
2,6,15,16,5
3,2,44,15,6
4,6,159,13,5
5,15,312,48,15
6,27,541,142,38
7,84,759,251,166
8,120,606,312,113
9,83,463,247,82
10,72,388,248,69
11,79,367,344,86
12,102,432,428,83
13,117,399,411,114
14,129,443,577,155
15,185,458,693,173
16,184,405,664,169
17,179,444,626,162
18,162,405,626,134
19,111,223,508,103
20,82,127,373,95
21,68,107,294,59
22,32,62,137,44
23,23,31,77,15

Year: 2016,Month: 1,Day: 14
,EB,NB,SB,WB
0,3,11,22,10
1,7,15,27,8
2,4,18,24,4
3,3,38,11,4
4,5,170,20,8
5,15,280,36,17
6,27,506,137,44
7,89,732,242,157
8,119,582,308,90
9,74,463,275,84
10,97,403,238,74
11,85,417,354,89
12,36,113,97,30

